-- MySQL dump 10.13  Distrib 5.7.24, for Linux (x86_64)
--
-- Host: 127.0.0.1    Database: salao
-- ------------------------------------------------------
-- Server version	5.7.24-0ubuntu0.16.04.1

/*!40101 SET @OLD_CHARACTER_SET_CLIENT=@@CHARACTER_SET_CLIENT */;
/*!40101 SET @OLD_CHARACTER_SET_RESULTS=@@CHARACTER_SET_RESULTS */;
/*!40101 SET @OLD_COLLATION_CONNECTION=@@COLLATION_CONNECTION */;
/*!40101 SET NAMES utf8 */;
/*!40103 SET @OLD_TIME_ZONE=@@TIME_ZONE */;
/*!40103 SET TIME_ZONE='+00:00' */;
/*!40014 SET @OLD_UNIQUE_CHECKS=@@UNIQUE_CHECKS, UNIQUE_CHECKS=0 */;
/*!40014 SET @OLD_FOREIGN_KEY_CHECKS=@@FOREIGN_KEY_CHECKS, FOREIGN_KEY_CHECKS=0 */;
/*!40101 SET @OLD_SQL_MODE=@@SQL_MODE, SQL_MODE='NO_AUTO_VALUE_ON_ZERO' */;
/*!40111 SET @OLD_SQL_NOTES=@@SQL_NOTES, SQL_NOTES=0 */;

--
-- Table structure for table `admins`
--

DROP TABLE IF EXISTS `admins`;
/*!40101 SET @saved_cs_client     = @@character_set_client */;
/*!40101 SET character_set_client = utf8 */;
CREATE TABLE `admins` (
  `id` int(10) unsigned NOT NULL AUTO_INCREMENT,
  `name` varchar(255) COLLATE utf8mb4_unicode_ci NOT NULL,
  `email` varchar(255) COLLATE utf8mb4_unicode_ci NOT NULL,
  `password` varchar(255) COLLATE utf8mb4_unicode_ci NOT NULL,
  `age` int(11) NOT NULL,
  `remember_token` varchar(100) COLLATE utf8mb4_unicode_ci DEFAULT NULL,
  `created_at` timestamp NULL DEFAULT NULL,
  `updated_at` timestamp NULL DEFAULT NULL,
  PRIMARY KEY (`id`),
  UNIQUE KEY `admins_email_unique` (`email`)
) ENGINE=InnoDB DEFAULT CHARSET=utf8mb4 COLLATE=utf8mb4_unicode_ci;
/*!40101 SET character_set_client = @saved_cs_client */;

--
-- Dumping data for table `admins`
--

LOCK TABLES `admins` WRITE;
/*!40000 ALTER TABLE `admins` DISABLE KEYS */;
/*!40000 ALTER TABLE `admins` ENABLE KEYS */;
UNLOCK TABLES;

--
-- Table structure for table `categorias`
--

DROP TABLE IF EXISTS `categorias`;
/*!40101 SET @saved_cs_client     = @@character_set_client */;
/*!40101 SET character_set_client = utf8 */;
CREATE TABLE `categorias` (
  `id` int(10) unsigned NOT NULL AUTO_INCREMENT,
  `nome` varchar(255) COLLATE utf8mb4_unicode_ci NOT NULL,
  `created_at` timestamp NULL DEFAULT NULL,
  `updated_at` timestamp NULL DEFAULT NULL,
  PRIMARY KEY (`id`)
) ENGINE=InnoDB AUTO_INCREMENT=7 DEFAULT CHARSET=utf8mb4 COLLATE=utf8mb4_unicode_ci;
/*!40101 SET character_set_client = @saved_cs_client */;

--
-- Dumping data for table `categorias`
--

LOCK TABLES `categorias` WRITE;
/*!40000 ALTER TABLE `categorias` DISABLE KEYS */;
INSERT INTO `categorias` VALUES (1,'Manicure/Pedicure','2019-01-09 19:34:03','2019-01-09 21:08:49'),(2,'Maquiagem','2019-01-09 19:37:30','2019-01-09 19:37:30'),(3,'Banho','2019-01-09 19:40:07','2019-01-09 19:40:07'),(4,'Cabelo','2019-01-09 19:41:06','2019-01-09 19:41:06'),(5,'Perfumaria','2019-01-09 21:29:35','2019-01-09 21:40:03'),(6,'Infantil','2019-01-10 19:29:26','2019-01-10 19:29:26');
/*!40000 ALTER TABLE `categorias` ENABLE KEYS */;
UNLOCK TABLES;

--
-- Table structure for table `ficha_tecnicas`
--

DROP TABLE IF EXISTS `ficha_tecnicas`;
/*!40101 SET @saved_cs_client     = @@character_set_client */;
/*!40101 SET character_set_client = utf8 */;
CREATE TABLE `ficha_tecnicas` (
  `id` int(10) unsigned NOT NULL AUTO_INCREMENT,
  `caracteristicas` text COLLATE utf8mb4_unicode_ci NOT NULL,
  `marca` varchar(255) COLLATE utf8mb4_unicode_ci NOT NULL,
  `modelo` varchar(255) COLLATE utf8mb4_unicode_ci NOT NULL,
  `produto_id` int(10) unsigned NOT NULL,
  `created_at` timestamp NULL DEFAULT NULL,
  `updated_at` timestamp NULL DEFAULT NULL,
  PRIMARY KEY (`id`)
) ENGINE=InnoDB AUTO_INCREMENT=43 DEFAULT CHARSET=utf8mb4 COLLATE=utf8mb4_unicode_ci;
/*!40101 SET character_set_client = @saved_cs_client */;

--
-- Dumping data for table `ficha_tecnicas`
--

LOCK TABLES `ficha_tecnicas` WRITE;
/*!40000 ALTER TABLE `ficha_tecnicas` DISABLE KEYS */;
INSERT INTO `ficha_tecnicas` VALUES (1,'<h2>Descri&ccedil;&atilde;o</h2>\r\n\r\n<p>Kit M&oacute;veis Para Manicure 4 Pe&ccedil;as<br />\r\n<br />\r\nOP&Ccedil;&Otilde;ES DE CORES:<br />\r\n<br />\r\n+PRETO<br />\r\n+BRANCO<br />\r\n+VERMELHO<br />\r\n+ROSA PINK<br />\r\n+LILAS<br />\r\n<br />\r\nTEMOS TODAS EM ESTOQUE PARA ENVIO IMEDIATO<br />\r\n<br />\r\nAP&Oacute;S A COMPRA, FA&Ccedil;A UMA NOVA PERGUNTA OU ENVIE UM E-MAIL SOLICITANDO A COR DESEJADA.<br />\r\n<br />\r\nKIT MANICURE COMPOSTO POR:<br />\r\n<br />\r\n1 CIRANDINHA&nbsp;<br />\r\n<br />\r\n1 CADEIRA CLIENTE<br />\r\n<br />\r\n1 CARRINHO AUXILIAR PEQUENO COM 2 BANDEJAS<br />\r\n<br />\r\n1 SUPORTE TRIP&Eacute; PEDICURO<br />\r\n<br />\r\nCOMPOSTO DE FERRO NO TUBO 3/4 DE PAREDE 0,90<br />\r\n<br />\r\nPINTURA ELESTROST&Aacute;TICA<br />\r\n<br />\r\nESPUMA DE DENSIDADE D-23 E CORINO.</p>','LJ Móveis','K4P',5,'2019-01-11 19:23:37','2019-01-11 19:23:37'),(2,'<h2>Descri&ccedil;&atilde;o</h2>\r\n\r\n<p>KIT MANICURE FORMADO COM AS SEGUINTES PE&Ccedil;AS&nbsp;<br />\r\n<br />\r\n1 MALETA FRASQUEIRA&nbsp;<br />\r\n1 AMOLECEDOR DE CUT&Iacute;CULAS<br />\r\n8 ESMALTES IMPALA CORES DO ANUNCIO&nbsp;<br />\r\n1 BASE VITAMINADA IMPALA<br />\r\n1 &Oacute;LEO SECANTE IMPALA<br />\r\n1 REMOVEDOR DE ESMALTES 90ML&nbsp;<br />\r\n6 LIXAS POLIDORAS PARA UNHAS<br />\r\n60 MINI LIXAS ECO&nbsp;<br />\r\n2 SEPARADORES DE PEDICURE<br />\r\n25 PALITOS DE BAMBU&nbsp;<br />\r\n1 PACOTE DE ALGOD&Atilde;O BOLINHA&nbsp;<br />\r\n1 PORTA ACETONA 180ML<br />\r\n1 ALICATE MUNDIAL PROFISSIONAL INOX&nbsp;<br />\r\n1 EMPURRADOR INOX&nbsp;<br />\r\n1 PALITO INOX&nbsp;<br />\r\n1 CORTADO DE UNHAS MUNDIAL A&Ccedil;O CROMADO&nbsp;<br />\r\n<br />\r\nMAIS UM BRINDE - NECESSAIRE RUBYS&nbsp;<br />\r\n<br />\r\nTEMOS 4 CORES DE MALETA&nbsp;<br />\r\nPRETA - PRETA POA -&nbsp;<br />\r\n<br />\r\nAGUARDAMOS SEU PEDIDO</p>','Variados','Bella FiFi',8,'2019-01-11 19:24:55','2019-01-11 19:24:55'),(3,'<h2>informa&ccedil;&otilde;es do produto</h2>\r\n\r\n<p>Kit cont&eacute;m:</p>\r\n\r\n<p>-Linha completa de Esmaltes Mimos Dailus (5 Esmaltes)</p>\r\n\r\n<p>-01 Base Acetinada Dailus 8ml</p>\r\n\r\n<p>-01 &Oacute;leo Secante Dailus 8ml</p>\r\n\r\n<p>-01 Removedor de Cut&iacute;cula Velox 15ml</p>\r\n\r\n<p>-01 Caixa de Unhas posti&ccedil;as sem cola Ricca Branco sonho (Cont&eacute;m 24 Unhas)</p>\r\n\r\n<p>-01 Cola para Unhas Posti&ccedil;as Ricca 5g</p>\r\n\r\n<p>-04 Palitos para Unha Ricca</p>\r\n\r\n<p>-01 Tirador de Cut&iacute;cula Simples Santa Clara&nbsp;</p>\r\n\r\n<p>-06 Lixas de Unha Caprichosa</p>\r\n\r\n<p>-01 Kit Alicate+Esp&aacute;tula para Unhas Mundial Sandy</p>\r\n\r\n<p>-01 Kit Manicure (Luvas com Hidratante+palito+Mini Lixa)</p>\r\n\r\n<p>-01 Creme Hidratante para M&atilde;os Yam&aacute; 100g</p>\r\n\r\n<p>-01 Caixa de Algod&atilde;o Hidr&oacute;filo Apolo 25g</p>\r\n\r\n<p>-01 Dosador de Acetona e Algod&atilde;o</p>','Variados','Kit Completo',11,'2019-01-11 19:28:34','2019-01-11 19:28:34'),(4,'<h2>Descri&ccedil;&atilde;o</h2>\r\n\r\n<p>&nbsp;<br />\r\n*N&atilde;o gaste o seu dinheiro com frete, compre 2 ou mais kits e ganhe frete gr&aacute;tis<br />\r\n-Conte&uacute;do da Embalagem: Kit com 65 Toalhas de Lavabo Manicure Para Sal&atilde;o de Beleza<br />\r\n-Medida Toalha: 28cm x 45cm<br />\r\n-Peso Aproximadamente: 0,40 Gramas<br />\r\n-Gramatura: 270 g/m2<br />\r\n-Material: 100% Algod&atilde;o (Exceto efeito decorativo)<br />\r\n-Fio: 16/1 Singelo<br />\r\n&nbsp;<br />\r\n-ToalhaShow-<br />\r\n<br />\r\n&nbsp;COMO ESCOLHER MINHA COR?<br />\r\n- As cores s&atilde;o da foto ilustrativa, ao finalizar a compra favor nos enviar via &iquest;Mensagem&iquest; ou &quot;Perguntas ao Vendedor&quot; a cor desejada, lembrando que iremos aguardar 2 horas para a separa&ccedil;&atilde;o do pedido, caso n&atilde;o enviar, mandaremos no SORTIDO.<br />\r\n&nbsp;<br />\r\nPERGUNTAS FREQUENTES:<br />\r\n1 -Qual tamanho e gramatura deste produto?<br />\r\nR: O tamanho e gramatura voc&ecirc; consegue ver na descri&ccedil;&atilde;o do produto, onde aparece (Medida do produto e Peso Aproximadamente), logo acima, pois variam por produto.<br />\r\n2 - Posso solicitar todas de uma cor s&oacute;?<br />\r\nR: Sim, voc&ecirc; pode solicitar conforme necessidade, dentro de 2 horas via mensagem.<br />\r\n3 - T&ecirc;m Kits com quantidades maiores ou menores?<br />\r\nR: Temos sim, ou caso queira algo espec&iacute;fico podemos montar pra voc&ecirc;.<br />\r\n4 - Quanto tempo leva para enviar o meu pedido?<br />\r\nR: Ap&oacute;s a confirma&ccedil;&atilde;o do pagamento, levamos at&eacute; 3 dias &uacute;teis para enviar seu pedido.<br />\r\n5 - Os produtos s&atilde;o novos?<br />\r\nR: Sim, todos os produtos a venda s&atilde;o novos.<br />\r\n5 - Tem a pronta entrega?<br />\r\nR: Sim, temos todos dispon&iacute;veis para pronta entrega.<br />\r\n6 - Que dia chega meu produto?<br />\r\nR: Voc&ecirc; consegue saber o dia que recebe na aba CEP, apenas colocar seu CEP e aparecer&aacute; uma m&eacute;dia do dia em que chega seu produto.<br />\r\n<br />\r\nIMPORTANTE<br />\r\n- Tire todas as d&uacute;vidas pelo campo de perguntas antes de efetuar a compra.<br />\r\n- Verifique sempre as mensagens, &eacute; a partir delas que fazemos seu pedido.<br />\r\n- Verifique seu endere&ccedil;o de entrega. Ser&aacute; cobrado um novo frete caso o produto retorne.<br />\r\n- Caso tenha qualquer tipo de problema, entre em contato com a gente antes de iniciar uma reclama&ccedil;&atilde;o no MercadoPago.<br />\r\n&nbsp;<br />\r\nDesde j&aacute; nosso muito obrigada, esperamos rev&ecirc;-los em breve com novas compras,<br />\r\nD&uacute;vidas estamos a disposi&ccedil;&atilde;o!<br />\r\n-ToalhaShow-</p>','Variados','Belim',10,'2019-01-11 19:31:26','2019-01-11 19:31:26'),(5,'<h2>Descubra mais sobreKit Mavala Manicure (3 produtos)</h2>\r\n\r\n<p><strong>Kit de cuidados para unha&nbsp;</strong>e secativo de esmalte. Proporciona&nbsp;<strong>prote&ccedil;&atilde;o e for&ccedil;a &agrave;s&nbsp;</strong>unhas e&nbsp;<strong>durabilidade&nbsp;</strong>aos esmaltes, evitando o surgimento das lascas. O&nbsp;secativo&nbsp;reduz o tempo de espera para secagem dos esmaltes.&nbsp;&nbsp;&nbsp;<strong>Refer&ecirc;ncia mundial&nbsp;</strong>em produtos para unhas, m&atilde;os e p&eacute;s, os produtos&nbsp;<strong>Mavala&nbsp;</strong>est&atilde;o presentes em mais de 120 pa&iacute;ses. Seus&nbsp;<strong>tratamentos exclusivos&nbsp;</strong>s&atilde;o os respons&aacute;veis por todo esse sucesso. &nbsp;&nbsp;<strong>Mavala&nbsp;</strong>est&aacute; h&aacute; mais de 50 anos no mercado, seguindo a filosofia de excel&ecirc;ncia em cuidado com a beleza e produzindo produtos sempre muito requisitados por profissionais deste ramo. &nbsp;&nbsp;<strong>Cont&eacute;m</strong>&nbsp;<strong>Mavala Colorfix For Nail Polish - Base Fixadora De Esmalte 10ml:</strong>&nbsp;Fixador de esmalte para uma cor duradoura e sem lascas. Pode ser repassado ap&oacute;s alguns dias da pintura para&nbsp;dar mais vida e mais dura&ccedil;&atilde;o ao esmalte.&nbsp;Cor perfeita, brilhante e sem lascas por mais tempo!&nbsp;&nbsp;&nbsp;<strong>Mavala 002&nbsp;Protective Base Coat - Base 10ml:</strong>&nbsp;&eacute; uma base que tem dupla a&ccedil;&atilde;o: preserva a flexibilidade da unha e impede que os pigmentos do esmalte entrem em contato diretamente com a sua superf&iacute;cie, protegendo o esmalte e proporcionando unhas mais fortes.&nbsp;&nbsp;&nbsp;<strong>Mavala Mavadry - Secativo Para Esmaltes 10ml:</strong>&nbsp;ideal e pr&aacute;tico para todas as mulheres. A vida moderna n&atilde;o proporciona tempo nem mesmo para esperar o esmalte secar. Esse produto promove a secagem instant&acirc;nea do esmalte e real&ccedil;a o brilho da cor. Ideal para pessoas ocupadas que necessitam de cuidados r&aacute;pidos e eficazes.&nbsp;<br />\r\nExperimente Mavala Kit Manicure (3 Produtos) e comprove os resultados.</p>\r\n\r\n<h2>Como UsarKit Mavala Manicure (3 produtos)</h2>\r\n\r\n<h3>Conselho de Aplica&ccedil;&atilde;o</h3>\r\n\r\n<p>Fixador de Esmaltes: ap&oacute;s pintar as unhas, espere secar bem. Aplique uma camada da base fixadora Colorfix sobre toda a unha, especialmente nas pontas e nas laterais, locais onde ocorre lasca e descama&ccedil;&atilde;o. Base: aplique a base sobre a superf&iacute;cie da unha limpa, antes da aplica&ccedil;&atilde;o do seu esmalte escolhido, assim protegendo a unha do amarelamento com maior durabilidade do esmalte. Secativo: depois de passar a &uacute;ltima camada de esmalte na unha, aguarde um minuto e aplique o secativo por cima. O esmalte seca em segundos e confere um brilho protetor.</p>','Mavala','Esmalte',18,'2019-01-11 19:33:21','2019-01-11 19:33:21'),(6,'<h2>Descri&ccedil;&atilde;o</h2>\r\n\r\n<p>Antes de efetuar sua compra, verifique a disponibilidade de cores, tamanhos e modelos, de acordo com cada produto. Basta perguntar no an&uacute;ncio, que logo responderemos. Qualquer d&uacute;vida, estamos &agrave; disposi&ccedil;&atilde;o!&nbsp;<br />\r\n<br />\r\n| Frete gr&aacute;tis para compras a cima de R$120,00 consulte-nos | Envio Imediato | Produtos para alongamento de c&iacute;lios, design de sobrancelhas, unhas em gel, barbearia, sal&atilde;o, entre outros |<br />\r\n<br />\r\nAtenciosamente, Cosmetics Import Brasil.&nbsp;<br />\r\n<br />\r\n========&gt; Descri&ccedil;&atilde;o do Produto:<br />\r\n<br />\r\nKit Manucire &amp; Pedicure Profissional - INOX&nbsp;<br />\r\n<br />\r\nKit Manicure e Pedicure Profissional, kit de primeira qualidade para profissionais na &aacute;rea da beleza, muito funcional e de f&aacute;cil manuseio. Com certeza &eacute; o que voc&ecirc; precisa para seu curso, sal&atilde;o ou casa.<br />\r\n<br />\r\nO Kit composto por:<br />\r\n1 Alicate de corte curvado em inox (Afiado de f&aacute;brica).<br />\r\n1 Alicate de Cut&iacute;cula em inox (Afiado de f&aacute;brica).<br />\r\n1 Cureta em inox.<br />\r\n2 Desencravadores em inox.<br />\r\n1 Espatula em inox.<br />\r\n1 Palito profissional em inox.<br />\r\n<br />\r\nObserva&ccedil;&atilde;o:<br />\r\nTodos os materiais s&atilde;o de a&ccedil;o inoxid&aacute;vel podendo ser colocado em estufas e autoclaves sem problema nenhum.</p>','Profissional','Unico',24,'2019-01-11 19:34:50','2019-01-11 19:34:50'),(7,'<h2>Descri&ccedil;&atilde;o</h2>\r\n\r\n<p>PROMO&Ccedil;&Atilde;O POR TEMPO LIMITADOOO !!<br />\r\n<br />\r\nKit Unhas Gel Manicure Acrigel Porcelana Banho Barato Uv P&oacute;.<br />\r\n<br />\r\nLixa Lixadeira Motor De Unha El&eacute;trica Profissional Bivolt.<br />\r\n<br />\r\nRecomenda para unhas posti&ccedil;as, tanto tips como como as unhas de gel ou acrigel, unhas naturais e de porcelanas, proporcionando um surpreendente acabamento e de &oacute;tima qualidade nas unhas posti&ccedil;as. Possui controle de velocidade, com velocidade de 3.000 a 20.000 RPM , para melhor seguran&ccedil;a de trabalho e extremamente f&aacute;cil de usar.<br />\r\n____________________________________________________________________________________________________________________<br />\r\n<br />\r\nCabine UV para unhas em gel, utilizada para secagem e endurecimento de unhas em acrigel e secagem de esmaltes, deixam as unhas uniformes sem relevos ou bolhas.<br />\r\n<br />\r\nPodemos enviar 2 modelos, o com 3 l&acirc;mpadas de 12w cada (totalizando 36w) ou com 4 l&acirc;mpadas UV de 9watts (totalizando 36watts). Produto da mesma f&aacute;brica, mesmo pre&ccedil;o e mesma qualidade.<br />\r\n<br />\r\nCom timer 120s.<br />\r\n<br />\r\nVoltagem: 110v ou 220v.<br />\r\n<br />\r\nA garantia n&atilde;o cobre mau uso em caso de usar na voltagem errada danifica o produto.<br />\r\n<br />\r\nPara uso profissional ou dom&eacute;stico.<br />\r\n<br />\r\nA L&acirc;mpada UV tem vida &uacute;til prevista em 6.000 horas de uso.<br />\r\n<br />\r\nCor:<br />\r\nPode ir na cor Branca ou Rosa;<br />\r\n___________________________________________________________________________________________________________<br />\r\n<br />\r\nO gel ir&aacute; em cor aleat&oacute;ria e das marcas Fan Nails ou Strong Nails, o gel &eacute; o mesmo o que muda &eacute; o r&oacute;tulo (vem da mesma f&aacute;brica).<br />\r\n<br />\r\nA APOSTILA ENVIADA SER&Aacute; POR MENSAGEM/E-MAIL n&atilde;o &eacute; impressa e voc&ecirc; ap&oacute;s a compra deve dizer se deseja ou n&atilde;o a apostila.<br />\r\n<br />\r\nNo kit todo Cont&eacute;m:<br />\r\n01 - Cabine Uv 36w ;<br />\r\n01 - Lixadeira - Motor ;<br />\r\n01 - Cortador Tips ;<br />\r\n<br />\r\nItens abaixo s&atilde;o BRINDES:<br />\r\n<br />\r\n01- Cola com Pincel - BYB;&nbsp;<br />\r\n01 - Kit com 50 Moldes;<br />\r\n05 - Presilha P/ Curvatura C;<br />\r\n01 - Lixa Bloco;<br />\r\n01 - Kit com 100 Unhas;<br />\r\n01 - Pincel Para Gel;<br />\r\n01 - Pincel Para Porcelana;<br />\r\n05 - Gel Uv - Construtor&nbsp;<br />\r\n01 - Monomer.<br />\r\n01 - Copo Dappen;<br />\r\n01 - P&oacute; Acrilico - Ezflow;<br />\r\n01 - Primer<br />\r\n01 - Top Coat.<br />\r\n01 - Lixa Reta ou Banana (de acordo com o estoque)<br />\r\n<br />\r\n*** ATEN&Ccedil;&Atilde;O **<br />\r\n<br />\r\nVoc&ecirc; Est&aacute; Pagando Apenas Pelos Equipamentos. Todos os outros itens que acompanham o kit como por exemplo: Primer, Top Coat, Gel, , Tips, Cola, Pincel, entre outros, s&atilde;o todos brindes, e n&atilde;o &eacute; permitido trocar, substituir ou escolher cor desses itens que s&atilde;o brindes, pois &eacute; apenas uma cortesia, e voc&ecirc; n&atilde;o est&aacute; pagando por eles. N&atilde;o aceitamos reclama&ccedil;&otilde;es posteriores referentes aos Brindes.<br />\r\n<br />\r\nTermos de Compra:<br />\r\n1 - Entrega somente via correios, n&atilde;o aceitamos retiradas;<br />\r\n<br />\r\n2 - Prazo de Postagem &eacute; entre 01 e 02 &uacute;teis ap&oacute;s o dia da compra;<br />\r\n<br />\r\n3 - O prazo de entrega informado no ato da compra &eacute; um prazo estimado e n&atilde;o leva em considera&ccedil;&atilde;o o prazo de postagem (item 2), podendo haver atrasos por parte dos correios;<br />\r\n<br />\r\n3.1 - Em situa&ccedil;&otilde;es especiais o produto ter&aacute; que ser retirado na ag&ecirc;ncia dos correios, isso acontece quando a localidade possui restri&ccedil;&atilde;o de entrega domiciliar, voc&ecirc; consegue consultar se sua &aacute;rea tem essa restri&ccedil;&atilde;o no site dos correios, voc&ecirc; ao comprar confirma que est&aacute; ciente dessa possibilidade e concorda com a mesma.<br />\r\n<br />\r\n3.2 - Atrasos na entrega do pedido, sendo postado dentro do prazo que prometemos, &eacute; culpa exclusiva dos correios e do mercado livre (pois, somos obrigado a usar o mercadoenvios que &eacute; o contrato do mercado livre e dos correios), ocorrendo o atraso, automaticamente o sistema j&aacute; abre reclama&ccedil;&atilde;o nos correios para saber o que houve e voc&ecirc; ao comprar concorda que n&atilde;o temos responsabilidade na entrega ap&oacute;s a postagem.<br />\r\n<br />\r\n3.3 - Todos os pedidos enviados pelo mercadoenvios tem rastreio e seguro.<br />\r\n<br />\r\n4 - Todas as imagens s&atilde;o meramente ilustrativas;<br />\r\n<br />\r\n5- Caso o endere&ccedil;o esteja incorreto, o produto ir&aacute; voltar e o dinheiro devolvido com exce&ccedil;&atilde;o de an&uacute;ncios sem mercado envios<br />\r\nque ai ser&aacute; necess&aacute;rio pagar um novo frete ou devolvemos o valor sem o valor pago do frete;<br />\r\n<br />\r\n6- &Eacute; importante que se for necess&aacute;rio escolher, escolha o tamanho/modelo/cor imediatamente ap&oacute;s a compra, caso n&atilde;o seja escolhido, enviaremos modelos aleat&oacute;rios e caso queira troca o custo de frete ser&aacute; por responsabilidade do comprador.<br />\r\n<br />\r\n7- Prazo para troca 90 dias para bens dur&aacute;veis (n&atilde;o cobre mau uso e dever&aacute; ser devolvido com todos os itens originais em perfeito estado) e n&atilde;o trocamos cosm&eacute;ticos abertos/usados.<br />\r\n<br />\r\n8 - Todos os nossos produtos s&atilde;o novos.<br />\r\n<br />\r\n9 &ndash; Recomendamos sempre que filme abertura de qualquer encomenda que compre pela internet. Inclusive a que comprar conosco, pois, em caso de qualquer eventual contra tempo, podemos analisar se a caixa foi adulterada, modificada, se houve furto no transporte ou at&eacute; mesmo se cometemos algum erro, ent&atilde;o pedimos que sempre filme a abertura da encomenda.<br />\r\n<br />\r\nVoc&ecirc; ao comprar, confirma que leu e concorda com todos os termos de compra.</p>','Jack Cosméticos','Kit Strong/Sina - B',25,'2019-01-11 19:36:24','2019-01-11 19:36:24'),(8,'<h2>Descri&ccedil;&atilde;o</h2>\r\n\r\n<p>Cabine Uv Hibrida 36w Led Com Sensor De Acionamento<br />\r\n<br />\r\nCabine hibrida 36W pr&aacute;tica e moderna, com um designer arrojado e atual para uso dom&eacute;stico ou profissional. Funciona com ten&ccedil;&atilde;o bivolt autom&aacute;tica, adaptando-se autom&aacute;ticamente &agrave; tens&atilde;o de sua instala&ccedil;&atilde;o el&eacute;trica residencial ou comercial. Possui um dispositivo que a torna uma refer&ecirc;ncia em rela&ccedil;&atilde;o &agrave;s outras existentes no mercado: Dois &quot;micro sensores de acionamento por presen&ccedil;a&quot;, localizados nas laterais da sua cabine. Ao entroduzir a sua m&atilde;o na Cabine, ela &eacute; detectada pelos &quot;micro sensores&quot;, que acionam imediatamente o seu funcionamento.&nbsp;<br />\r\n<br />\r\nEspecifica&ccedil;&otilde;es:<br />\r\nCabine/Forno LED 36W,<br />\r\nTrabalha com 12 Led&#39;s (31 pontos) + 12w 1 L&acirc;mpada Ledl UV - CCFL,<br />\r\nPara cura de gel UV,<br />\r\nTimer com 03 est&aacute;gios - 10 seg, 20 seg, 30 segundos,<br />\r\nN&atilde;o &eacute; nocivo para o corpo humano,<br />\r\nBaixo consumo de energia,<br />\r\nN&atilde;o produz calor,<br />\r\nPort&aacute;til e de f&aacute;cil transporte,<br />\r\nAdequado para uso dom&eacute;stico ou profissional;<br />\r\nTens&atilde;o:Bivolt<br />\r\nTamanho: 24 x 16 x 9,5 cm, TEMOS ENVIO NO MESMO DIA DA COMPRA .</p>','Importado','Kit Manicure',29,'2019-01-11 19:38:16','2019-01-11 19:38:16'),(9,'<h2>Descri&ccedil;&atilde;o</h2>\r\n\r\n<p>aFolhas De Algod&atilde;o Org&acirc;nico Japon&ecirc;s<br />\r\n<br />\r\nEssas almofadas s&atilde;o &oacute;timas para remo&ccedil;&atilde;o de cola de unha posti&ccedil;a.<br />\r\nS&atilde;o feitas de 100% algod&atilde;o para uma sensa&ccedil;&atilde;o suave e confort&aacute;vel.<br />\r\nEste produto &eacute; feito por algod&atilde;o de fibra natural.&nbsp;<br />\r\nProduto Importado<br />\r\n<br />\r\nDimens&atilde;o:<br />\r\n6X4 Cm<br />\r\n<br />\r\nItens Inclusos<br />\r\n1 Pacote com 1000 Folhas de Algod&atilde;o</p>','Nail Quality','Algodão Japonês',30,'2019-01-11 19:39:48','2019-01-11 19:39:48'),(10,'<h2>Descri&ccedil;&atilde;o</h2>\r\n\r\n<p>CK PRESENTES<br />\r\nKit Manicure Completo com Maleta e Alicates Profissionais<br />\r\nMaleta * Bolsa * Mochila<br />\r\n<br />\r\n&Uacute;NICO FABRICANTE NO BRASIL MODELO 3 EM 1<br />\r\n<br />\r\nProduto tem 3 fun&ccedil;&otilde;es: Maleta, Bolsa e Mochila.<br />\r\nTrouxemos a voc&ecirc;, mais modernidade e praticidade para o seu dia a dia.<br />\r\nO Kit Manicure Completo para Profissionais ou Iniciantes, &eacute; com certeza o Kit mais Completo de produtos para Manicures vendido no Mercado Livre.Transporte seus Esmaltes e Acess&oacute;rios com total Seguran&ccedil;a. Agora voc&ecirc; j&aacute; pode atender suas clientes em casa ou em qualquer lugar com esse Kit Completo.<br />\r\n<br />\r\nA Mochila possui:&nbsp;<br />\r\n* 2 bolsos laterais<br />\r\n* 4 estojos individuais com visor transparente<br />\r\n* 3 bolsos internos com z&iacute;per<br />\r\n* al&ccedil;a de m&atilde;o, de ombro e costas regul&aacute;veis<br />\r\n<br />\r\nMaterial externo:&nbsp;<br />\r\nNylon420<br />\r\n<br />\r\nMaterial interno:&nbsp;<br />\r\nNylon Resinado e Espuma Pack<br />\r\n<br />\r\nMedidas:<br />\r\n32(A)x32(C)x18(L)<br />\r\n<br />\r\nPeso do produto:<br />\r\n1,3 kg<br />\r\n<br />\r\n4 Estojos<br />\r\nMedidas: 6(A)x24(C)x14(L)<br />\r\n<br />\r\nCuidados:<br />\r\nSomente lavagem manual:&nbsp;<br />\r\n*N&atilde;o usar alvejantes,<br />\r\n*N&atilde;o colocar na lavadora<br />\r\n<br />\r\nInforma&ccedil;&otilde;es adicionais:<br />\r\nFechamento superior com z&iacute;per duplo (facilita o uso de cadeado)<br />\r\n<br />\r\nFabricante:<br />\r\nCK Presentes - Made in Brasil<br />\r\n<br />\r\nComposi&ccedil;&atilde;o do Kit<br />\r\n* 1 Maleta (Preta ou Rosa)<br />\r\n* 4 Necessaire com visor Transparente<br />\r\n* 1 Alicate Corte Curvo Mundial Profissional (esteriliz&aacute;vel em autoclave)<br />\r\n* 1 Alicate para Cut&iacute;culas Mundial Profissional (esteriliz&aacute;vel em autoclave)<br />\r\n* 1 Empurrador e Raspador de Cut&iacute;cula (esteriliz&aacute;vel em autoclave)<br />\r\n* 1 Kit de Lixas para unhas (24 unidades)<br />\r\n* 1 Kit Palito de Madeira (6 unidades)<br />\r\n* 1 Lixa para Polimento 3 etapas<br />\r\n* 1 Acetona 500ml<br />\r\n* 1 Porta Acetona C&ocirc;nico&nbsp;<br />\r\n* 1 Suporte de Lixa de P&eacute;&nbsp;<br />\r\n* 1 Kit Refil de Lixa para o P&eacute; (50 unidades)<br />\r\n* 3 Cartelas de Adesivos&nbsp;<br />\r\n* 2 Kit&acute;s de Unhas Posti&ccedil;as<br />\r\n* 1 Caixa com Luvas de Vinil (100 unidades)<br />\r\n* 50 Esmaltes Diversificados<br />\r\n* Creme Hidratante para M&atilde;os e Unhas<br />\r\n* Algod&atilde;o bolinha 50g<br />\r\n<br />\r\nPr&aacute;tica e moderna, com &oacute;timo CUSTO BENEF&Iacute;CIO!</p>','CK Presentes','BOL01R',37,'2019-01-11 19:42:49','2019-01-11 19:42:49'),(11,'<h2>Descri&ccedil;&atilde;o</h2>\r\n\r\n<p>1000 Cart&otilde;es Para Adesivo De Unha Artesanal +1000 Saquinhos + 1000 filhas &uacute;nicas sortidas<br />\r\n<br />\r\n<br />\r\nINFORMA&Ccedil;&Otilde;ES B&Aacute;SICAS<br />\r\n<br />\r\nPode escolher entre:<br />\r\n<br />\r\n* Op&ccedil;&atilde;o N&ordm;1 - 1000 unidades de Cart&otilde;es para Adesivos de Unhas +1000 Saquinhos + 1000 filhas &uacute;nicas sortidas de brinde.<br />\r\n* Op&ccedil;&atilde;o N&ordm;2 - 2000 cart&otilde;es a sua escolha + 1000 filhas &uacute;nicas ou casadinhas sortidas de brinde.&nbsp;<br />\r\n<br />\r\n<br />\r\n* N&atilde;o precisa passar base antes, desenhe seus Adesivos De Unhas direto no cart&atilde;o, os adesivos artesanais soltam com a maior facilidade.<br />\r\n<br />\r\n* Somos uma empresa bastante consolidada no ramo de cart&otilde;es para Unhas Decoradas.<br />\r\n<br />\r\n* Envio para qualquer lugar do Brasil os cart&otilde;es para Pel&iacute;culas para Unhas.<br />\r\n<br />\r\n* A escolha dos Adesivos para Unhas pode ser feita de 100 em 100 unidades nos enviando a refer&ecirc;ncia do modelo exemplo C30, A10, D20 etc...<br />\r\n<br />\r\n* O envio &eacute; imediato, os correios em m&eacute;dia entregam em 07 dias &uacute;teis ou menos.<br />\r\n<br />\r\n* O frete &eacute; Gr&aacute;tis para todo brasil.<br />\r\n<br />\r\n* Envio Imediato.<br />\r\n<br />\r\n* O cart&atilde;o elimina rejei&ccedil;&atilde;o em at&eacute; 52% nas vendas com novos clientes pela apar&ecirc;ncia profissional.</p>','Jessica Carimbos','Adesivos De Unhas',39,'2019-01-11 19:45:38','2019-01-11 19:45:38'),(12,'<p>DESCRI&Ccedil;&Atilde;O:</p>\r\n\r\n<p>Mesa para Manicure Com 2 Al&ccedil;as Cromadas para colocar toalha;</p>\r\n\r\n<p>Super pr&aacute;tica &oacute;tima solu&ccedil;&atilde;o para pequenos espa&ccedil;os</p>\r\n\r\n<p>Com prateleira para colocar estufa&nbsp;<br />\r\nConfeccionada em Mdf branco 15mm com acabamento melam&iacute;nico Tx fosco dos dois lados<br />\r\nBem mais resistente a risco e danos<br />\r\nRefor&ccedil;ada com cantoneiras m&atilde;o francesa nas pernas para dar mais firmeza na mesa<br />\r\nMedidas: 60L X 77A X 30P Cm(L= Largura A=Altura P= Profundidade)<br />\r\nEnviamos semi montada J&aacute; com kit instala&ccedil;&atilde;o e manual de instru&ccedil;&atilde;o<br />\r\nFicando bem simples e pr&aacute;tica a montagem<br />\r\nPara sal&otilde;es de beleza entre outros<br />\r\nA estufa e enfeites n&atilde;o acompanha mesa s&oacute; para ilustra&ccedil;&atilde;o das fotos</p>\r\n\r\n<p>DESCRI&Ccedil;&Atilde;O Expositor:</p>\r\n\r\n<p><br />\r\nExpositor De Parede Para&nbsp;&nbsp;Esmaltes Com PROTE&Ccedil;&Atilde;O De&nbsp; Barra ALUM&Iacute;NIO Na Frente</p>\r\n\r\n<p>Com Fundo Branco&nbsp;</p>\r\n\r\n<p><br />\r\nMedidas: 30CM largura x 60CM altura x 6 Cm profundidade<br />\r\nEspa&ccedil;o de 10cm de altura entre as prateleiras<br />\r\nCapacidade para 55 esmaltes um do lado do outro ou at&eacute; 110 esmaltes sendo um atras do outro(Os esmaltes n&atilde;o acompanha o expositor)<br />\r\nMaterial: 100% mdf 15mm de espessura muito resistente<br />\r\nCor: mdf branco acabamento melam&iacute;nico tx(fosco)<br />\r\nBem mais resistente a riscos e danos<br />\r\nCantoneiras j&aacute; vai fixadas, j&aacute; montado, s&oacute; fixar na parede.<br />\r\nJ&aacute; incluso buchas e parafusos para instala&ccedil;&atilde;o<br />\r\nRecomendado para ambientes como :sal&otilde;es de beleza,manicure,esmaltarias,perfumarias e para uso residenciais ;</p>','Variados','Kit Mesa Manicure',43,'2019-01-11 19:47:44','2019-01-11 19:47:44'),(13,'<p>Cont&eacute;m<br />\r\n- 2 Acetona Cruzeiro 500ml<br />\r\n- 2 Acetona Cruzeiro 95ml<br />\r\n- 2 Removedor Cruzeiro 95ml<br />\r\n- 2 Creme P&eacute;s Cruzeiro 90ml<br />\r\n- 2 Amolecedor Cut&iacute;cula 90ml<br />\r\n<br />\r\nGrupo Cruzeiro buscando sempre produtos de qualidade e o bem estar de nossos clientes.</p>','Cruzeiro','Kit Manicure Removedor',46,'2019-01-11 19:49:39','2019-01-11 19:49:39'),(14,'<h2>Descri&ccedil;&atilde;o</h2>\r\n\r\n<p>KIT DE PALETAS RUBY ROSE [SOBRANCELHA + SOMBRA + CORRETIVO]&nbsp;<br />\r\n<br />\r\nO CLIENTE PODE ESCOLHER O MODELO DA PALETA DE SOMBRA E DE CORRETIVO, A DE SOBRANCELHAS &Eacute; &Uacute;NICO.&nbsp;<br />\r\n<br />\r\nCONTE&Uacute;DO DO AN&Uacute;NCIO:<br />\r\n<br />\r\n1 PALETA PARA SOBRANCELHAS RUBY ROSE COM PRIMER (SUBSTITU&Iacute;DA PELO QUARTETO SHINE&#39;S)<br />\r\n1 PALETA DE SOMBRA RUBY ROSE COM PRIMER<br />\r\n1 PALETA DE CORRETIVO 6 CORES RUBY ROSE<br />\r\n<br />\r\n<br />\r\n<br />\r\nOBS.: O CLIENTE PODE ESCOLHER A COR DA PALETA DE SOMBRAS E DE CORRETIVO, PARA ISSO BASTA ESCREVER NO CAMPO DAS PERGUNTAS OU AP&Oacute;S A COMPRA. CASO N&Atilde;O N&Atilde;O TENHA ESCOLHA ENVIAREMOS O KIT DA PRIMEIRA FOTO.<br />\r\n<br />\r\n<br />\r\nDETALHES DO QUARTETO Shine&#39;s:&nbsp;<br />\r\n<br />\r\n- 2 Cores de sombras opacas<br />\r\n- 1 Cera modeladora para sobrancelhas (fixador)<br />\r\n- 1 P&oacute; iluminador<br />\r\n- Estojo em acrilico com tampa transparente<br />\r\n<br />\r\nDimens&otilde;es:<br />\r\nMedidas do produto fechado: 6,3 cm de comprimento x 8,2 cm de largura x 1,2 cm de altura.<br />\r\nPeso L&iacute;quido: 5,7 gramas<br />\r\nValidade: Jun/2020<br />\r\n<br />\r\nINFORMA&Ccedil;&Otilde;ES DAS PALETAS POCKET KIT:<br />\r\n<br />\r\n* Validade: TODOS ACIMA DE OUTUBRO/2022<br />\r\n* Dimens&otilde;es: 14,5 cm x 5,5 cm x 1,1 cm&nbsp;<br />\r\n<br />\r\n<br />\r\n-----------------------------------------------------<br />\r\n<br />\r\n<br />\r\n<br />\r\nSLM ELETR&Ocirc;NICOS - PERFUMES e MAQUIAGENS<br />\r\n<br />\r\nQUALIFICA&Ccedil;&Otilde;ES POSITIVAS ~ COMPRA SEGURA ~ PARCELE SUAS COMPRAS ~ SUPORTE QUALIFICADO COM ATENDIMENTO ANTES E DEPOIS DAS COMPRAS.&nbsp;<br />\r\n<br />\r\nPARA A PROTE&Ccedil;&Atilde;O DO SEU PRODUTO, UTILIZAMOS PL&Aacute;STICO BOLHA, CAIXAS DE PRIMEIRA QUALIDADE E FITA ADESIVA ANTI-VIOLA&Ccedil;&Atilde;O.&nbsp;<br />\r\n<br />\r\nAP&Oacute;S A CONFIRMA&Ccedil;&Atilde;O DO PAGAMENTO QUE O CLIENTE RECEBE, FAZEMOS A POSTAGEM DA COMPRA EM CORREIOS AT&Eacute; 24 HORAS NOS DIAS &Uacute;TEIS.&nbsp;<br />\r\n<br />\r\nATENDIMENTO:&nbsp;<br />\r\n- DE SEGUNDA A SEXTA-FEIRA DAS 9:00 HR &Agrave;S 21:00 HR<br />\r\n- S&Aacute;BADO, DOMINGO E FERIADOS DAS 9:00 HR &Agrave;S 15:00 HR<br />\r\n<br />\r\n<br />\r\n* PARA PRODUTOS COMO MAQUIAGENS, MONTAMOS KIT&#39;s TAMB&Eacute;M, BASTA ESCREVER NO CAMPO DAS PERGUNTAS E SE ESTIVER DISPON&Iacute;VEIS, CRIAMOS OS AN&Uacute;NCIOS PARA FRETE &Uacute;NICO.&nbsp;<br />\r\n<br />\r\n* COMPRAS ACIMA DE 120 REAIS O FRETE &Eacute; GR&Aacute;TIS! TODOS NOSSOS AN&Uacute;NCIOS CRIADOS S&Atilde;O DE CL&Aacute;SSICO &Agrave; PREMIUM.&nbsp;<br />\r\n<br />\r\n<br />\r\n<br />\r\nANTES DE CLICAR EM &quot;COMPRAR&quot;, TENHA CERTEZA DE QUE PRETENDE CONCLUIR A COMPRA E QUE POSSA HONRAR O PAGAMENTO!<br />\r\n<br />\r\nVERIFIQUE TAMB&Eacute;M A DISPONIBILIDADE E TIRE TODAS SUAS D&Uacute;VIDAS.<br />\r\n<br />\r\n<br />\r\nPRODUTO ORIGINAL?<br />\r\nR: SIM! Trabalhamos somente com produtos originais.<br />\r\n<br />\r\nQUAL O PRAZO DE ENVIO AP&Oacute;S CONFIRMA&Ccedil;&Atilde;O DE PAGAMENTO?<br />\r\nR: NO PR&Oacute;XIMO DIA &Uacute;TIL, pode ser postado no mesmo dia, mas a garantia &eacute; no pr&oacute;ximo dia &uacute;til, devido log&iacute;stica.<br />\r\n<br />\r\nACEITA MERCADO PAGO?<br />\r\nR: SIM, trabalhamos no Mercado Livre somente com Mercado Pago, forma segura e pr&aacute;tica de pagamento.<br />\r\n<br />\r\nQUAL A FORMA DE ENVIOS?<br />\r\nR: MERCADO ENVIOS.<br />\r\n<br />\r\nGarantia?<br />\r\nR: SEMPRE A DESCRITA NO AN&Uacute;NCIO. Atentar para termo de garantia, &eacute; cumprido exatamente como o descrito.<br />\r\n<br />\r\n<br />\r\nTERMO DE GARANTIA:<br />\r\n<br />\r\n- A garantia &eacute; limitada a defeitos de f&aacute;brica.<br />\r\n<br />\r\n- QUALQUER MARCA DE IMPACTO ANULA A GARANTIA.<br />\r\n<br />\r\n- Ao perceber um defeito entrar em contato imediatamente com o vendedor solicitando autoriza&ccedil;&atilde;o para envio do produto se for o caso.<br />\r\n<br />\r\n- O frete de envio do produto defeituoso sempre &eacute; por conta do cliente e o frete de retorno por conta do vendedor sempre via ENCOMENDA PAC.<br />\r\n<br />\r\n- Ao receber o produto o vendedor far&aacute; a verifica&ccedil;&atilde;o e testes para constatar o eventual problema. Confirmado o defeito o produto ser&aacute; enviado para assist&ecirc;ncia t&eacute;cnica do fabricante para conserto.<br />\r\n<br />\r\n- Para produtos importados o tempo m&aacute;ximo de resolu&ccedil;&atilde;o do defeito e reenvio ao cliente &eacute; de 30 dias.</p>','Ruby Rose','RUBY ROSE',50,'2019-01-11 19:52:37','2019-01-11 19:52:37'),(15,'<p>Descri&ccedil;&atilde;o:Kit Profissional completo para Manicure. Todos produtos de alta qualidade com garantia e nota fiscal. Todos na cor preta.&nbsp;Especifica&ccedil;&otilde;es:- 1x Cirandinha- 1x Cadeira Cliente- 1x Carrinho Auxiliar- 1x Trip&eacute; com Regulagem de Altura&nbsp;Informa&ccedil;&otilde;es T&eacute;cnicas:- Com Nota Fiscal- Com Garantia</p>','Variados','Kit Completo Profissional para Manicure',52,'2019-01-11 19:55:14','2019-01-11 19:55:14'),(16,'<p>Kit Manicure Pedicure Santa Clara + Cole&ccedil;&atilde;o Esmalte Anita Nova Escolha 24 CoresVoc&ecirc; est&aacute; comprando:01 - Pacote de algod&atilde;o Apolo - 100g01 - Faz Unha Preto Santa Clara01 - Maleta Manicure Santa Clara01 - Removedor de Esmaltes Acetona Ideal - 100ml02 - Palitos ponta e Chanfrado02 - Lixas01 - Alicate Mundial para Cuticulas Ref: 52224 - Esmaltes Anita 10ml (Sortidos)</p>','Anita','Kit Completo',54,'2019-01-11 19:57:08','2019-01-11 19:57:08'),(17,'<h2>Descri&ccedil;&atilde;o</h2>\r\n\r\n<p>&Aacute;gua de Col&ocirc;nia Meu Beb&ecirc; Fofinho Jequiti<br />\r\nConte&uacute;do: 100ml<br />\r\n<br />\r\nPRODUTO NOVO E ORIGINAL&nbsp;</p>','Jequiti','Limpeza',59,'2019-01-11 20:00:18','2019-01-11 20:00:18'),(18,'<p><strong>Descri&ccedil;&atilde;o:</strong></p>','Jequiti','Limpeza',61,'2019-01-11 20:02:06','2019-01-11 20:02:06'),(19,'<p><strong>Descri&ccedil;&atilde;o:</strong></p>\r\n\r\n<p>Seu beb&ecirc; mais fofinho e cheiroso a qualquer hora do dia!</p>','Jequiti','Limpeza',62,'2019-01-11 20:03:23','2019-01-11 20:03:23'),(20,'<p><strong>Descri&ccedil;&atilde;o:</strong></p>\r\n\r\n<p>Seu beb&ecirc; mais fofinho e cheiroso a qualquer hora do dia!</p>','Jequiti','Limpeza',64,'2019-01-11 20:04:20','2019-01-11 20:04:20'),(21,'<p><strong>Descri&ccedil;&atilde;o:</strong></p>\r\n\r\n<p>Use no banho como shampoo e sabonete!</p>','Jequiti','Limpeza',66,'2019-01-11 20:05:26','2019-01-11 20:05:26'),(22,'<p><strong>Descri&ccedil;&atilde;o:</strong></p>\r\n\r\n<p>&nbsp;- Limpa e convidiona suavemente os cabelos.</p>','Jequiti','Limpeza',69,'2019-01-11 20:06:41','2019-01-11 20:06:41'),(23,'<p><strong>Descri&ccedil;&atilde;o:</strong></p>\r\n\r\n<p>Entre nesse clube, se prepara, e se sinta poderosa!</p>','Jequiti','Limpeza',71,'2019-01-11 20:07:34','2019-01-11 20:07:34'),(24,'<p><strong>Descri&ccedil;&atilde;o:</strong></p>\r\n\r\n<p>Entre nesse clube, se prepara, e se sinta poderosa!</p>','Jequiti','Limpeza',73,'2019-01-11 20:08:38','2019-01-11 20:08:38'),(25,'<p><strong>Descri&ccedil;&atilde;o:</strong></p>\r\n\r\n<p>O&nbsp;<strong>Condicionador Hello Kitty</strong>&nbsp;deixa seus fios macios e f&aacute;ceis de pentear. Ideal para levar para viagens ou para dormir na casa da amiga! Para uso di&aacute;rio e todos os tipos de cabelos.</p>','Jequiti','Limpeza',75,'2019-01-11 20:09:39','2019-01-11 20:09:39'),(26,'<p><strong>Descri&ccedil;&atilde;o:</strong></p>\r\n\r\n<p>O&nbsp;<strong>Shampoo Hello Kitty</strong>&nbsp;deixa seus cabelos limpos e perfumados. Ideal para levar para viagens ou para dormir na casa da amiga! Para uso di&aacute;rio e todos os tipos de cabelos.</p>','Jequiti','Limpeza',77,'2019-01-11 20:11:07','2019-01-11 20:11:07'),(27,'<p><strong>Descri&ccedil;&atilde;o:</strong>&nbsp;O Sabonete Hidratante em Barra Hello Kitty deixa o seu banho mais divertido e perfumado! Cont&eacute;m ingredientes que hidratam e limpam sem agredir a pele.<br />\r\nModo de uso: Aplique o sabonete sobre a pele &uacute;mida ou molhada. Enx&aacute;gue com &aacute;gua em abund&acirc;ncia.</p>','Jequiti','Limpeza',81,'2019-01-11 20:12:53','2019-01-11 20:12:53'),(28,'<p><strong>Descri&ccedil;&atilde;o:</strong>&nbsp;Lo&ccedil;&atilde;o Hidratante Desodorante Jequiti Maisa - 150 ml<br />\r\nA Lo&ccedil;&atilde;o Hidratante Desodorante Jequiti Maisa deixa sua pele perfumada, hidratada e pronta para curtir o dia! Assim como a aut&ecirc;ntica Maisa, que est&aacute; sempre alegre e encantando todos ao seu redor!<br />\r\nModo de uso: Espalhe pelo corpo seco ap&oacute;s o banho e em todos os momentos que desejar.</p>','Jequiti','Limpeza',82,'2019-01-11 20:13:36','2019-01-11 20:13:36'),(29,'<p><strong>Descri&ccedil;&atilde;o:</strong></p>\r\n\r\n<p>&nbsp;</p>\r\n\r\n<p>A&nbsp;Col&ocirc;nia Avon Baby&nbsp;foi especialmente desenvolvida e testada para a pele delicada do seu beb&ecirc;.</p>','Avon','Care baby',95,'2019-01-11 20:15:14','2019-01-11 20:15:14'),(30,'<p><strong>Descri&ccedil;&atilde;o:</strong></p>\r\n\r\n<p>O&nbsp;<strong>Brilho Labial Minions Universal</strong>&nbsp;oferece l&aacute;bios hidratados e com cheirinho de banana!</p>','Avon','Brilho Labial',96,'2019-01-11 20:16:31','2019-01-11 20:16:31'),(31,'<h3>Descri&ccedil;&atilde;o</h3>\r\n\r\n<p>Pr&aacute;tica, a Maleta de Maquiagem Fenzza Prata traz produtos essenciais para a make do dia a dia. Sob cores vibrantes e tons pr&oacute;prios, real&ccedil;a a pele e ajuda na maquiagem perfeita.</p>\r\n\r\n<ul>\r\n	<li><strong>Nome:</strong>&nbsp;Maleta de Maquiagem Fenzza Prata</li>\r\n	<li><strong>G&ecirc;nero:</strong>&nbsp;Feminino</li>\r\n	<li><strong>Indicado para:</strong>&nbsp;Dia a Dia</li>\r\n	<li><strong>&Aacute;rea de Aplica&ccedil;&atilde;o:</strong>&nbsp;Rosto</li>\r\n	<li><strong>Tipos de Pele:</strong>&nbsp;Todos os Tipos</li>\r\n	<li><strong>Itens Inclusos:</strong>&nbsp;2 Lip Gloss, 2 Brilhos Labiais, 2 L&aacute;pis para os olhos, 2 L&aacute;pis para a boca, 4 sobras em 6 cores, 3 Blushes, 1 Espelho, 1 Suporte para sombra e espelho e pinc&eacute;is para aplica&ccedil;&atilde;o.</li>\r\n	<li><strong>Dimens&otilde;es Aproximadas:</strong>&nbsp;26,5 x 21 x 13,5 cm (LxAxP)</li>\r\n	<li><strong>Origem:</strong>&nbsp;Estrangeira - Adquirida no mercado interno</li>\r\n</ul>','fenzza','Dia a Dia',2,'2019-01-14 20:08:27','2019-01-14 20:08:27'),(32,'<p>Kit Toalha de banho - Perola - Gigante - SPA<br />\r\n<br />\r\nQuantidade - 9 pe&ccedil;as<br />\r\nTamanho - 75 x 150cm<br />\r\nGramatura : 370 g/m&sup2;&nbsp;<br />\r\n100% - Algod&atilde;o<br />\r\nCores : Pergunte ao vendedor.<br />\r\nFio tinto 16/1, retorcido para maior durabilidade.<br />\r\n<br />\r\n- Caracter&iacute;sticas -<br />\r\n<br />\r\nEsse produto tem um aspecto de uma toalha &#39;&#39; &aacute;spera &#39;&#39; iguais as toalhas teka, isso &eacute; uma formula&ccedil;&atilde;o no fio do produto que desenvolvemos para que se tenha uma maior durabilidade no produto.&nbsp;<br />\r\n<br />\r\nSendo assim, o produto &eacute; um produto executivo que cumpre seu papel perfeitamente, aliado de um pre&ccedil;o EXCELENTE ( &Aacute; mais barata do Brasil ).&nbsp;<br />\r\n<br />\r\nInforme no ATO da sua compra qual &eacute; a cor do produto que voc&ecirc; deseja, o mesmo vai igual na foto, lembresse que caso voc&ecirc; n&atilde;o informe vai perder o direito de escolha da cor.<br />\r\n<br />\r\n- Todos os produtos s&atilde;o acompanhados com embalagem pl&aacute;stica imperme&aacute;vel, assim garantimos que o produto chegue ao cliente em perfeito estado e sem nenhum avaria.<br />\r\n<br />\r\n- Emitimos nota fiscal para CPF, para clientes CNPJ existe a diferen&ccedil;a de ICMS sendo assim, quando solicitado pelo cliente emitiremos a nota fiscal para CNPJ com pr&eacute;vio pagamento do mesmo antecipado.</p>','FOZ PANOS','Executivo',1,'2019-01-14 20:14:29','2019-01-14 20:14:29'),(33,'<p>C&iacute;lios Posti&ccedil;os Volumosos Cheios Longos Blogueiras 3 Caixas, 15 pares.</p>','SKONHED','Dia a Dia',32,'2019-01-14 20:17:12','2019-01-14 20:17:12'),(34,'<p>Paleta Huda Desert Dusk + Paleta Huda Rose Gold + Paleta Huda Rose Gold Remastered<br />\r\n<br />\r\nConseguimos dar frete gr&aacute;tis em compras a partir de R$120 (exceto Norte e Nordeste), basta adicionar os nossos produtos ao carrinho. Temos maquiagens, pinc&eacute;is, rel&oacute;gios, bijuterias e semijoias. Segue o link de todos os nossos produtos:<br />\r\nhttps://eshops.mercadolivre.com.br/shopfashiongirls<br />\r\n<br />\r\nInforma&ccedil;&otilde;es importantes:<br />\r\n- Todos os nossos produtos est&atilde;o no Brasil a pronta entrega.<br />\r\n- O prazo de postagem da mercadoria &eacute; de 24 horas. Normalmente despachamos no dia &uacute;til seguinte ao dia da compra, mas o despacho pode ocorrer no mesmo dia dependendo do hor&aacute;rio em que a compra foi realizada.<br />\r\n- Aceitamos Mercado Pago que &eacute; a forma mais segura de se comprar no Mercado Livre.<br />\r\n- Enviamos por Mercado Envios, portanto o cliente receber&aacute; o c&oacute;digo de rastreio do produto e poder&aacute; fazer o acompanhamento do pedido.<br />\r\n- Damos total suporte ao cliente p&oacute;s compra atrav&eacute;s de e-mail, WhatsApp e chat particular da compra.<br />\r\n- Todos os nossos produtos s&atilde;o novos.<br />\r\n- Por favor, tire todas as suas d&uacute;vidas atrav&eacute;s das perguntas, estamos &agrave; disposi&ccedil;&atilde;o para melhor atend&ecirc;-lo.&nbsp;</p>','Huda Beauty','Dia a Dia',41,'2019-01-14 20:26:32','2019-01-14 20:26:32'),(35,'<p>Jogo de Banheiro 03 Pe&ccedil;as Attuale Capri Mirante | Corttex<br />\r\n<br />\r\nO Jogo de Banheiro Capri Mirante Azul &eacute; produzido pela&nbsp;<br />\r\nCorttex em 100% Algod&atilde;o e cont&eacute;m 3 pe&ccedil;as, sendo 1 tapete&nbsp;<br />\r\nde banheiro, 1 contorno de vaso e 1 Tampo de Vaso.<br />\r\n<br />\r\nCaracter&iacute;sticas T&eacute;cnicas<br />\r\n100% algod&atilde;o<br />\r\nMedidas&nbsp;<br />\r\n- 1 Tapete de Banheiro no tamanho 60 x 40 cm.<br />\r\n- 1 Contorno de Vaso no tamanho 40 x 40 cm.<br />\r\n- 1 Tampo de Vaso no tamanho 40 x 45 cm.<br />\r\n<br />\r\nCont&eacute;m<br />\r\n1 tapete de banheiro&nbsp;<br />\r\n1 contorno de vaso&nbsp;&nbsp;<br />\r\n1 Tampo de Vaso<br />\r\n<br />\r\n- Considerar medidas e formatos especificados na descri&ccedil;&atilde;o&nbsp;<br />\r\ndo produto.&nbsp;<br />\r\n- Composto apenas pelo jogo de banheiro demais itens e acess&oacute;rios&nbsp;<br />\r\ns&atilde;o decorativos e n&atilde;o acompanham o produto.<br />\r\n<br />\r\n*Imagem meramente ilustrativa</p>','Corttex','Capri',6,'2019-01-14 20:29:25','2019-01-14 20:29:25'),(36,'<p>Base facial de alta cobertura HUDA BEAUTY<br />\r\n<br />\r\nPossui micro pigmentos que cobrem qualquer mancha ou cicatriz na pele e deixa um efeito Airbrush na pele.<br />\r\n<br />\r\nPRODUTO SUPER CONCORRIDO NOS EUA</p>','Huda Beauty','Dia a Dia',36,'2019-01-14 20:30:08','2019-01-14 20:30:08'),(37,'<p><s><em>Maria Escandalosa Escova Progressiva Original + Btox White<br />\r\n<br />\r\n<br />\r\nEscova Progressiva Maria Escandalosa 2x1000ml<br />\r\n<br />\r\nMaria Escandalosa Escova Progressiva foi desenvolvida para o tratamento e reestrutura&ccedil;&atilde;o capilar dos cabelos cacheados, crespos e com bastante volume.<br />\r\n<br />\r\n&Eacute; ideal para conceder o alisamento dos fios, reduzir o volume e hidratar ao mesmo tempo.<br />\r\n<br />\r\nShampoo Anti-Res&iacute;duos Escandaloso<br />\r\n<br />\r\nEspecialmente elaborado com um complexo hidratante de extratos vegetais e &oacute;leo de Argan, para tratar e restaurar os fios.<br />\r\n<br />\r\nO tratamento promove uma limpeza intensiva aos fios, permitindo a abertura das escamas e retirando todos os res&iacute;duos e polui&ccedil;&atilde;o que v&atilde;o se depositando nas camadas das cut&iacute;culas dos cabelos, tornando-os pesados, sem brilho, sem vida e retirando a a&ccedil;&atilde;o de nutrientes e ativos.<br />\r\n<br />\r\nAge na higieniza&ccedil;&atilde;o dos fios sem comprometer a sua estrutura, devido ao seu alto pH abre as cut&iacute;culas capilares preparando os fios deixando-os prontos para o tratamento.<br />\r\n<br />\r\nM&aacute;scara Redutora de Volume Escandalosa<br />\r\n<br />\r\nDesenvolvida com um blend hidratante a base de &oacute;leo de Argan, que promove a redu&ccedil;&atilde;o de volume, relaxamento dos cachos, repara&ccedil;&atilde;o e recupera&ccedil;&atilde;o dos fios quebradi&ccedil;os, causados por outros processos qu&iacute;micos.<br />\r\n<br />\r\nEm uma &uacute;nica etapa reduz o frizz, al&eacute;m de repor a queratina dos fios, proporcionando brilho e maciez. Mantendo seu aspecto natural.<br />\r\n<br />\r\nModo de Usar:<br />\r\nShampoo Anti-Res&iacute;duos Escandaloso:<br />\r\n<br />\r\nAplique uma quantidade suficiente do Shampoo Anti-Res&iacute;duos Escandaloso sobre os cabelos, massageando por toda a sua extens&atilde;o, at&eacute; obter uma espuma rica e cremosa;<br />\r\nDeixe agir por alguns minutos, enx&aacute;gue e rep</em></s></p>\r\n\r\n<p><s><em>Maria Escandalosa Escova Progressiva Original + Btox White</em></s></p>\r\n\r\n<p><br />\r\n<s><em>Escova Prog</em></s></p>\r\n\r\n<p><s><em>ita o processo at&eacute; total abertura das cut&iacute;culas.<br />\r\n<br />\r\n<br />\r\nM&aacute;scara Redutora de Volume Escandalosa:<br />\r\n<br />\r\nD&iacute;vida os cabelos em quatro partes;<br />\r\nSeque 90% dos fios, em seguida aplique a M&aacute;scara Redutora de Volume Escandalosa, mecha a mecha distribuindo em todo o cabelo;<br />\r\nDeixe agir por 10 minutos;<br />\r\nSeque fazendo escova e finalize com prancha em mechas finas da raiz as pontas;<br />\r\nEnx&aacute;gue e finalize.<br />\r\n<br />\r\n<br />\r\nBtox Maria Escandalosa Beautox White 1kg<br />\r\n<br />\r\nO Btox White da Maria Escandalosa &eacute; um botox profissional com agentes emolientes termo ativados (ou seja, pela a&ccedil;&atilde;o do secador e da prancha).<br />\r\n<br />\r\nA redu&ccedil;&atilde;o do volume, assim como do frizz, a resist&ecirc;ncia dos fios e o brilho intenso s&atilde;o alguns dos resultados que voc&ecirc; obter&aacute; com o uso do Botox Maria Escandalosa e que torna o produto &uacute;nico no mercado.<br />\r\n<br />\r\nIndica&ccedil;&atilde;o: Todos os tipos de cabelos.<br />\r\n<br />\r\nComposi&ccedil;&atilde;o: &Oacute;leo de Ojon, Macad&acirc;mia e Keratin.<br />\r\n<br />\r\nModo de Uso:<br />\r\n<br />\r\nAplique uma quantidade suficiente de Shampoo Anti-Res&iacute;duos e enx&aacute;gue;<br />\r\nSeque cerca de 80% da umidade dos fios com secador, separando os cabelos em mechas finas;<br />\r\nAplicar o Beautox no sentido da raiz &agrave;s pontas (1cm de dist&acirc;ncia do couro cabeludo);<br />\r\nDeixar agir de 15 a 30 minutos;<br />\r\nLave os cabelos retirando de 30% a 50% do produto;<br />\r\nFa&ccedil;a agora uma pr&eacute;-escova;<br />\r\nDivida novamente os cabelos em mechas finas e pranche de 5 a 10 vezes cada uma.<br />\r\n<br />\r\n<br />\r\nResultado: Botox Maria Escandalosa proporciona redu&ccedil;&atilde;o de volume com aspecto natural, fios soltos e realinhados, brilho intenso e fim do frizz.<br />\r\n<br />\r\nItens Inclusos:<br />\r\n01 - Shampoo Anti-Res&iacute;duos Escandaloso Maria Escandalosa de 1000 ml;<br />\r\n01 - M&aacute;scara Redutora de Volume Escandalosa Maria Escandalosa de 1000ml;<br />\r\n01 - Btox White Botox Capilar Maria Escandalosa de 1 kg.<br />\r\n<br />\r\n<br />\r\nCont&eacute;m:<br />\r\n<br />\r\nShampoo Anti-Res&iacute;duos Escandaloso Maria Escandalosa de 1000ml-25351.285883/2016-75<br />\r\nM&aacute;scara Redutora de Volume Escandalosa Maria Escandalosa de 1000ml-25351.304031/2016-61<br />\r\nBtox White Botox Capilar Maria Escandalosa de 1kg- 25351.334003/2014-57.</em></s></p>','Maria Escandalosa','Cabelo',3,'2019-01-14 20:33:25','2019-01-14 20:33:25'),(38,'<p>KIT 5 ESCOVAS PROFISSIONAIS CERDAS DE JAVALI<br />\r\nEscovas Profissionais T&eacute;rmicas, com base revestida em Cer&acirc;mica. Cerdas mistas dupla altura, de javali e nylon em &#39;V&#39;, que proporciona maior tra&ccedil;&atilde;o na escova&ccedil;&atilde;o. Ideal para cabelos mais crespos. Cabo em madeira laqueada preta, pontiagudo e anat&ocirc;mico, revestido em borracha, &eacute; ideal para alisar e modelar qualquer tamanho e tipo de cabelo.&nbsp;<br />\r\n<br />\r\nInforma&ccedil;&otilde;es T&eacute;cnicas:<br />\r\nA Cer&acirc;mica ajuda a manter o calor do secador e agiliza a secagem.<br />\r\nPara manter a durabilidade da Escova, mantenha uma dist&acirc;ncia m&iacute;nima de 7 a 10 cm do secador durante o uso.&nbsp;<br />\r\n<br />\r\nInforma&ccedil;&otilde;es da embalagem:&nbsp;<br />\r\n01 Escova PP&nbsp;<br />\r\n01 Escova P&nbsp;<br />\r\n01 Escova M&nbsp;<br />\r\n01 Escova G&nbsp;<br />\r\n01 Escova GG</p>','Cursando Beleza','Cabelo',4,'2019-01-14 20:50:02','2019-01-14 20:50:02'),(39,'<p>Kit 5 Escovas Profissionais Cerdas de Javali #PP #P #M #M+ #G<br />\r\n<br />\r\n<br />\r\nEscova Profissional T&eacute;rmica, com base revestida em Cer&acirc;mica Amarela. Cerdas mistas dupla altura, de javali e nylon em &#39;V&#39;, que proporciona maior tra&ccedil;&atilde;o na escova&ccedil;&atilde;o. Ideal para cabelos mais crespos. Cabo em madeira laqueada preta, pontiagudo e anat&ocirc;mico, revestido em borracha, &eacute; ideal para alisar e modelar cabelos mais curtos.<br />\r\n<br />\r\n<br />\r\nInforma&ccedil;&otilde;es t&eacute;cnicas:<br />\r\nA Cer&acirc;mica ajuda a manter o calor do secador e agiliza a secagem.<br />\r\nPara manter a durabilidade da Escova, mantenha uma dist&acirc;ncia m&iacute;nima de 7 a 10 cm do secador durante o uso.<br />\r\n<br />\r\n<br />\r\nInforma&ccedil;&otilde;es da embalagem:<br />\r\n01 Escova PP #10<br />\r\n01 Escova P #12<br />\r\n01 Escova M #14<br />\r\n01 Escova M+ #16<br />\r\n01 Escova G #18</p>','Mofash','Kit 5 Escovas Profissionais Cerdas De Javali Amarelo (Modelo Igual a Evas)',4,'2019-01-14 20:50:20','2019-01-14 20:50:20'),(40,'<p>Sair do sal&atilde;o de beleza com um liso incr&iacute;vel e aquela sensa&ccedil;&atilde;o de cabelo tratado &eacute; tudo de bom! Agora, j&aacute; pensou desfilar esse resultado todos os dias, sem ter que gastar com tratamentos qu&iacute;micos? Um sonho, n&atilde;o &eacute; mesmo?! Pois &eacute; justamente isso o que a Prancha Pro Nano Titanium By Salles - 127V 1 1/4 te oferece: cabelos com brilho intenso e efeito de escova progressiva sem sair de casa!</p>\r\n\r\n<p>A Prancha Pro Nano Titanium By Salles - 127V 1 1/4 n&atilde;o &eacute; apenas mais uma chapinha convencional, mas a Prancha Pro Nano Titanium By Salles - 127V 1 1/4 &eacute; um verdadeiro tratamento de beleza que alisa, nutre e deixa seus cabelos impec&aacute;veis, sem usar qu&iacute;mica!</p>\r\n\r\n<p>Se voc&ecirc; n&atilde;o abre m&atilde;o dos fios lisos, mas tamb&eacute;m se preocupa com a hidrata&ccedil;&atilde;o, nutri&ccedil;&atilde;o e a integridade dos fios, a Prancha Pro Nano Titanium By Salles - 127V 1 1/4 &eacute; a escolha certa! Quer resultado duradouro, com mechas sedosas e altamente hidratadas? Ent&atilde;o voc&ecirc; acaba de encontrar a melhor chapinha, use a Prancha Pro Nano Titanium By Salles - 127V 1 1/4 no seu dia a dia!</p>','Nano Titanium','Original By Roger',7,'2019-01-14 20:59:51','2019-01-14 20:59:51'),(41,'<p>Kit composto por:<br />\r\n- 1x Lavatorio Champ Fixo<br />\r\n- 2x Cadeira Primma &agrave; G&aacute;s Preto (com regulagem de altura)</p>\r\n\r\n<p>Lavat&oacute;rio Champ Fixo<br />\r\nO lavat&oacute;rio Champ possui o melhor Custo x Benef&iacute;cio do mercado. Fabricado em pol&iacute;mero injetado, a sua resist&ecirc;ncia &eacute; muito maior comparada ao lavat&oacute;rio de fibra. Enquanto seu design anat&ocirc;mico proporciona conforto ao cliente, o profissional possui a cuba mais profunda do mercado para facilitar seu trabalho.<br />\r\n<br />\r\nEspecifica&ccedil;&otilde;es:<br />\r\n- Cuba mais profunda do mercado<br />\r\n- Assento e apoio de pesco&ccedil;o em formato anat&ocirc;mico<br />\r\n- Assento e encosto estofados na cor Preta<br />\r\n- Fabricado em pol&iacute;mero injetado de grande durabilidade<br />\r\n- N&atilde;o acompanha aquecedor de &aacute;gua<br />\r\n- Cuba n&atilde;o reclin&aacute;vel<br />\r\n<br />\r\nInforma&ccedil;&otilde;es T&eacute;cnicas:<br />\r\n- Com Garantia de 6 meses pelo fabricante<br />\r\n- Altura: 90cm<br />\r\n- Largura: 60cm<br />\r\n- Comprimento: 120cm<br />\r\n<br />\r\n<br />\r\nCadeira Primma &agrave; G&aacute;s<br />\r\n- Pist&atilde;o a g&aacute;s, girat&oacute;rio para regulagem de altura<br />\r\n- Estofamento 100% com espuma injetada de grande durabilidade<br />\r\n- Estrutura em a&ccedil;o cromado<br />\r\n- Base pentap&eacute; em alum&iacute;nio/cromada<br />\r\n- Formato anat&ocirc;mico<br />\r\n- Suporta at&eacute; 150kg</p>','Dompel','Kit Lavatório CadeiraG',12,'2019-01-14 21:03:37','2019-01-14 21:03:37'),(42,'<p>A Blindagem 3D da Plancton funciona em 2 passos: shampoo e gloss. Proporciona uma redu&ccedil;&atilde;o de volume de at&eacute; 95%.<br />\r\n<br />\r\n&Eacute; um tratamento &uacute;nico e pr&aacute;tico com tecnologia tridimensional. Seus ativos que envolvem os fios reduzindo o volume dos cabelos, pois penetra profundamente em todas as camadas da fibra capilar, recuperando os fios enfraquecidos e danificados.<br />\r\n<br />\r\nIndica&ccedil;&atilde;o<br />\r\nProduto indicado para cabelos el&aacute;sticos e emborrachados que ficaram danificados por processos qu&iacute;micos.<br />\r\n<br />\r\nComposi&ccedil;&atilde;o<br />\r\nN&atilde;o possui formol (n&atilde;o arde os olhos).<br />\r\nComposi&ccedil;&atilde;o: &aacute;cido l&aacute;tico e ativos de alto desempenho como amino&aacute;cidos, ceramidas e prote&iacute;nas do trigo.<br />\r\n<br />\r\nModo de Usar<br />\r\n1. Aplicar uma pequena quantidade do shampoo sobre os cabelos &uacute;midos. Massagear suavemente com bastante &aacute;gua e repetir a aplica&ccedil;&atilde;o.<br />\r\n2. Divida os cabelos em quadrantes, aplique o Gloss 3D mecha por mecha, da raiz &agrave;s pontas, iniciando pela nuca at&eacute; o alto da cabe&ccedil;a e respeitando o espa&ccedil;o de 0,5 cent&iacute;metro da raiz, o tempo de pausa do produto no cabelo varia devido sua resist&ecirc;ncia. A m&eacute;dia &eacute; de 30 minutos, mas para resistentes, 60 minutos.<br />\r\n3. Enxague o cabelo com &aacute;gua. A retirada do produto varia de 50% at&eacute; 100% de acordo com a estrutura capilar, levando-se em conta a presen&ccedil;a de pigmentos artificiais nos fios. Escove bem e pranche em mechas finas.<br />\r\n<br />\r\n* Produto de uso profissional, recomendamos a aplica&ccedil;&atilde;o por um profissional.<br />\r\n* A loja n&atilde;o se responsabiliza pelo mau uso ou uso indevido dos produtos. Sempre leia e siga corretamente as instru&ccedil;&otilde;es antes da utiliza&ccedil;&atilde;o.<br />\r\n<br />\r\nResultados<br />\r\n- Redu&ccedil;&atilde;o do Volume;<br />\r\n- Recupera&ccedil;&atilde;o dos fios enfraquecidos e danificados.<br />\r\n<br />\r\nStep 1<br />\r\nIngredientes Especiais<br />\r\nCeramidas &ndash; Sua a&ccedil;&atilde;o principal &eacute; a de restaura&ccedil;&atilde;o do cimento intercelular, regulando trocas com o meio exterior.<br />\r\nProte&iacute;nas do Trigo &ndash; Repara e protege os cabelos dos danos t&eacute;rmicos, envolvendo os fios durante o processo de secagem.<br />\r\n<br />\r\nStep 2<br />\r\nIngredientes Especiais<br />\r\nProte&iacute;na do trigo &ndash; Possui identidade de composi&ccedil;&atilde;o com os tecidos. Seus pept&iacute;deos, em contato com as prote&iacute;nas do cabelo s&atilde;o adsorvidos, e sua afinidade aumenta quanto mais danificado estiver o cabelo.<br />\r\nPossui efeito restaurador e protetor contra danos na queratina dos cabelos nos tratamentos de permanente e de alisamento, conferindo maciez, brilho e textura agrad&aacute;vel aos cabelos.<br />\r\nLumini System &ndash; Permite a obten&ccedil;&atilde;o de um brilho profundo e homog&ecirc;neo com efeito Tridimensional a 55% e 90% de umidade relativa, promove textura diferenciada para fibra capilar, proporciona melhora significativa de condicionamento e possui a&ccedil;&atilde;o anti-frizz e efeito liss (alisamento dos fios), protege a cor dos cabelos tingidos (anti fading).<br />\r\n&Oacute;leo de Baba&ccedil;u &ndash; Ajuda a reduzir o volume dos cabelos e a repor a camada de prote&ccedil;&atilde;o dos fios.<br />\r\nManteiga de Murumuru &ndash; &Eacute; rico em &aacute;cidos l&aacute;urico e mir&iacute;stico e seu diferencial est&aacute; no no controle e redu&ccedil;&atilde;o do frizz.<br />\r\nAmino&aacute;cidos e Ceramidas &ndash; Pequenas part&iacute;culas que penetram os fios levando nutri&ccedil;&atilde;o.<br />\r\n<br />\r\nCont&eacute;m:<br />\r\n1 - Shampoo 3D 1 Litro<br />\r\n1 - Blindagem 3D 1 Litro</p>','Plancton Professional','Cabelo',16,'2019-01-14 21:20:47','2019-01-14 21:20:47');
/*!40000 ALTER TABLE `ficha_tecnicas` ENABLE KEYS */;
UNLOCK TABLES;

--
-- Table structure for table `imagems`
--

DROP TABLE IF EXISTS `imagems`;
/*!40101 SET @saved_cs_client     = @@character_set_client */;
/*!40101 SET character_set_client = utf8 */;
CREATE TABLE `imagems` (
  `id` int(10) unsigned NOT NULL AUTO_INCREMENT,
  `image` varchar(255) COLLATE utf8mb4_unicode_ci NOT NULL,
  `produto_id` int(10) unsigned NOT NULL,
  `created_at` timestamp NULL DEFAULT NULL,
  `updated_at` timestamp NULL DEFAULT NULL,
  PRIMARY KEY (`id`),
  KEY `imagems_produto_id_foreign` (`produto_id`),
  CONSTRAINT `imagems_produto_id_foreign` FOREIGN KEY (`produto_id`) REFERENCES `produtos` (`id`)
) ENGINE=InnoDB AUTO_INCREMENT=15 DEFAULT CHARSET=utf8mb4 COLLATE=utf8mb4_unicode_ci;
/*!40101 SET character_set_client = @saved_cs_client */;

--
-- Dumping data for table `imagems`
--

LOCK TABLES `imagems` WRITE;
/*!40000 ALTER TABLE `imagems` DISABLE KEYS */;
INSERT INTO `imagems` VALUES (1,'storage/public/3WshGegAwCtNESRlwg0oMefLC32dkpP89ZApDxVk.jpeg',2,'2019-01-14 20:02:56','2019-01-14 20:02:56'),(2,'storage/public/GM6LiZ8BuUKK6mYnjh1vNA1DiL9CDuJE61faWyH7.jpeg',32,'2019-01-14 20:11:54','2019-01-14 20:11:54'),(3,'storage/public/olZIHE6tSipnDmWkP6XWgg12PLJr7DlpmosmnKDI.jpeg',32,'2019-01-14 20:12:56','2019-01-14 20:12:56'),(4,'storage/public/b0XsFsqvQjusk7LriCDvWFU5W1nq1ISRc1CUiEbn.webp',1,'2019-01-14 20:15:32','2019-01-14 20:15:32'),(5,'storage/public/APdJ5fkkBEooj8mBBwfjWNtmXtgkz4THxkyG2PUC.webp',1,'2019-01-14 20:15:40','2019-01-14 20:15:40'),(6,'storage/public/jK5u4JlaumncNRO8nM7iCZ6vnAXGTB44gPInLZrX.jpeg',41,'2019-01-14 20:23:17','2019-01-14 20:23:17'),(7,'storage/public/SfpGcRbv5fUtcYF5Z0UP4rx3uNvECTBGKJgw9Vxv.jpeg',41,'2019-01-14 20:24:00','2019-01-14 20:24:00'),(8,'storage/public/vZpx5a4Ph7r9NOO4vlp9xO6SkmwGyHAc6jZzrjco.jpeg',41,'2019-01-14 20:24:42','2019-01-14 20:24:42'),(9,'storage/public/3vdrOROW1wfDXS6Tw1XYX1sLljHG1gddWMfQoQMV.jpeg',36,'2019-01-14 20:28:54','2019-01-14 20:28:54'),(10,'storage/public/jDLIJS7hZvzGXVqdvsfLDFWpLa9xNnm7fheKWDsZ.jpeg',36,'2019-01-14 20:29:06','2019-01-14 20:29:06'),(11,'storage/public/qCZdyMFepnlmjQp9LvIPVSsINenjnLEyL2eDNMSt.jpeg',14,'2019-01-14 20:33:05','2019-01-14 20:33:05'),(12,'storage/public/ydQlnR0tGmvEKmSdu9aK14dRQ3BhLagriVRAh5y1.webp',10,'2019-01-14 20:41:19','2019-01-14 20:41:19'),(13,'storage/public/cKiTH1ybun57BIxbVeL1EHEDtzY6GoC4PkSwftLo.webp',10,'2019-01-14 20:41:44','2019-01-14 20:41:44'),(14,'storage/public/rRiOlwxCIjCon7aSOCZ8eL9IY73nFOkukNsqZcQy.webp',16,'2019-01-14 21:20:59','2019-01-14 21:20:59');
/*!40000 ALTER TABLE `imagems` ENABLE KEYS */;
UNLOCK TABLES;

--
-- Table structure for table `menu__superior`
--

DROP TABLE IF EXISTS `menu__superior`;
/*!40101 SET @saved_cs_client     = @@character_set_client */;
/*!40101 SET character_set_client = utf8 */;
CREATE TABLE `menu__superior` (
  `id` int(10) unsigned NOT NULL AUTO_INCREMENT,
  `item_nome` varchar(255) COLLATE utf8mb4_unicode_ci NOT NULL,
  `created_at` timestamp NULL DEFAULT NULL,
  `updated_at` timestamp NULL DEFAULT NULL,
  PRIMARY KEY (`id`)
) ENGINE=InnoDB AUTO_INCREMENT=6 DEFAULT CHARSET=utf8mb4 COLLATE=utf8mb4_unicode_ci;
/*!40101 SET character_set_client = @saved_cs_client */;

--
-- Dumping data for table `menu__superior`
--

LOCK TABLES `menu__superior` WRITE;
/*!40000 ALTER TABLE `menu__superior` DISABLE KEYS */;
INSERT INTO `menu__superior` VALUES (1,'SHOP','2019-01-09 20:21:31','2019-01-09 20:21:31'),(2,'BLOG','2019-01-09 20:21:42','2019-01-09 20:21:42'),(3,'SERVIÇOS','2019-01-09 20:21:53','2019-01-09 20:21:53'),(4,'SOBRE NÓS','2019-01-09 20:52:30','2019-01-09 20:52:30'),(5,'CONTATO','2019-01-09 20:53:21','2019-01-09 20:53:21');
/*!40000 ALTER TABLE `menu__superior` ENABLE KEYS */;
UNLOCK TABLES;

--
-- Table structure for table `migrations`
--

DROP TABLE IF EXISTS `migrations`;
/*!40101 SET @saved_cs_client     = @@character_set_client */;
/*!40101 SET character_set_client = utf8 */;
CREATE TABLE `migrations` (
  `id` int(10) unsigned NOT NULL AUTO_INCREMENT,
  `migration` varchar(255) COLLATE utf8mb4_unicode_ci NOT NULL,
  `batch` int(11) NOT NULL,
  PRIMARY KEY (`id`)
) ENGINE=InnoDB AUTO_INCREMENT=11 DEFAULT CHARSET=utf8mb4 COLLATE=utf8mb4_unicode_ci;
/*!40101 SET character_set_client = @saved_cs_client */;

--
-- Dumping data for table `migrations`
--

LOCK TABLES `migrations` WRITE;
/*!40000 ALTER TABLE `migrations` DISABLE KEYS */;
INSERT INTO `migrations` VALUES (1,'2014_10_12_000000_create_users_table',1),(2,'2014_10_12_100000_create_password_resets_table',1),(3,'2018_05_25_122602_create_admins_table',1),(4,'2018_06_08_191323_create_categorias_table',1),(5,'2018_06_08_191328_create_produtos_table',1),(6,'2018_12_18_233139_sl',1),(7,'2019_01_02_131219_add_name_field_table_name',1),(8,'2019_01_02_134515_create_menu__superiors_table',1),(9,'2019_01_10_133726_create_ficha_tecnicas_table',2),(10,'2019_01_11_165708_create_imagems_table',2);
/*!40000 ALTER TABLE `migrations` ENABLE KEYS */;
UNLOCK TABLES;

--
-- Table structure for table `password_resets`
--

DROP TABLE IF EXISTS `password_resets`;
/*!40101 SET @saved_cs_client     = @@character_set_client */;
/*!40101 SET character_set_client = utf8 */;
CREATE TABLE `password_resets` (
  `email` varchar(255) COLLATE utf8mb4_unicode_ci NOT NULL,
  `token` varchar(255) COLLATE utf8mb4_unicode_ci NOT NULL,
  `created_at` timestamp NULL DEFAULT NULL,
  KEY `password_resets_email_index` (`email`)
) ENGINE=InnoDB DEFAULT CHARSET=utf8mb4 COLLATE=utf8mb4_unicode_ci;
/*!40101 SET character_set_client = @saved_cs_client */;

--
-- Dumping data for table `password_resets`
--

LOCK TABLES `password_resets` WRITE;
/*!40000 ALTER TABLE `password_resets` DISABLE KEYS */;
/*!40000 ALTER TABLE `password_resets` ENABLE KEYS */;
UNLOCK TABLES;

--
-- Table structure for table `produtos`
--

DROP TABLE IF EXISTS `produtos`;
/*!40101 SET @saved_cs_client     = @@character_set_client */;
/*!40101 SET character_set_client = utf8 */;
CREATE TABLE `produtos` (
  `id` int(10) unsigned NOT NULL AUTO_INCREMENT,
  `nome` varchar(255) COLLATE utf8mb4_unicode_ci NOT NULL,
  `estoque` int(11) NOT NULL,
  `preco` double(8,2) NOT NULL,
  `destaque` int(11) DEFAULT NULL,
  `classificacao` int(11) NOT NULL,
  `fabricacao` date DEFAULT NULL,
  `validade` date DEFAULT NULL,
  `url` varchar(255) COLLATE utf8mb4_unicode_ci NOT NULL,
  `categoria_id` int(10) unsigned NOT NULL,
  `created_at` timestamp NULL DEFAULT NULL,
  `updated_at` timestamp NULL DEFAULT NULL,
  PRIMARY KEY (`id`),
  KEY `produtos_categoria_id_foreign` (`categoria_id`),
  CONSTRAINT `produtos_categoria_id_foreign` FOREIGN KEY (`categoria_id`) REFERENCES `categorias` (`id`)
) ENGINE=InnoDB AUTO_INCREMENT=97 DEFAULT CHARSET=utf8mb4 COLLATE=utf8mb4_unicode_ci;
/*!40101 SET character_set_client = @saved_cs_client */;

--
-- Dumping data for table `produtos`
--

LOCK TABLES `produtos` WRITE;
/*!40000 ALTER TABLE `produtos` DISABLE KEYS */;
INSERT INTO `produtos` VALUES (1,'Kit C/ 9 Toalha De Banho Gigante Banhão 75 X 150cm 370g/m²',10,200.00,3,4,'2019-01-09','2019-12-09','storage/public/WGDN3zSoWlTo4PKXKO1qJ5fraiyHy4jMQoV39cbS.webp',3,'2019-01-09 19:44:47','2019-01-09 19:44:47'),(2,'Maleta de Maquiagem Fenzza Prata - Prata',10,243.00,4,4,'2019-01-09','2019-04-25','storage/public/vHNhu7taRSaf1kwdw0ToeFx4UfcKerFraT0x0h7x.jpeg',2,'2019-01-09 19:48:22','2019-01-09 19:48:22'),(3,'Kit Escova Progressiva + Btox White 1kg - Maria Escandalosa',5,163.00,1,4,'2018-02-05','2020-06-11','storage/public/VdZUd2WdafLvRK25Vj4iMvAHJ5aI2yJPNGwHhuqc.webp',4,'2019-01-09 19:48:58','2019-01-09 19:48:58'),(4,'Kit 5 Escovas Profissionais Cabelo Cerdas De Javali Amarelas',5,200.00,4,5,'2019-10-07','2021-01-12','storage/public/wG7D1Qx6YgL1LvRQ0rsyt2ldSM5pEUHZVdyYfmSE.webp',4,'2019-01-09 19:51:07','2019-01-09 19:51:07'),(5,'Kit Manicure 4 Peças Completo Lilas',6,905.00,2,5,'2019-01-10','2019-09-02','storage/public/WLoL9zf2KkRKYJz0UtInzfPUtdmM4Xt19OUS5E76.webp',1,'2019-01-09 19:52:21','2019-01-09 19:52:21'),(6,'Jogo De Banheiro 03 Peças Attuale Capri Mirante | Corttex',12,120.00,1,1,'2019-01-09','2019-12-29','storage/public/jpVCL6aLDIvgjEL4LAOZPDv3RNV2xaUN37HObGwH.webp',3,'2019-01-09 19:52:30','2019-01-09 19:52:30'),(7,'Chapinha Prancha Profissional Nano Titanium 1 1/4 Até 450ºf',5,200.00,2,5,'2019-01-02','2019-09-12','storage/public/sLcrb4n7UJ1cM7A3fbxmWXOVJqbmi0By3T5vTodQ.webp',4,'2019-01-09 19:54:02','2019-01-09 19:54:02'),(8,'Kit Manicure Profissional Com Maleta Acessórios E Esmaltes',4,314.00,1,5,'2019-01-09','2019-05-14','storage/public/txAXyXawGeB6Tzc5irZeeOiSHuKkqH57TfMxShCC.webp',1,'2019-01-09 19:56:17','2019-01-09 19:56:17'),(9,'Pincel Maquiagem Profissional Kit 22 Peças Maange835 7 opiniões',10,139.00,4,5,'2019-01-09','2019-08-10','storage/public/890oKu25YptEz56o4vLXcONNbyDDo8PrVTpPCX7y.jpeg',2,'2019-01-09 19:56:19','2019-01-09 19:56:19'),(10,'Kit 65 Toalhas De Lavabo Manicure P/ Salão 28x45cm +brinde',10,179.99,2,5,'2019-01-09','2019-12-31','storage/public/lmZDvj7WQFVhjF8BrbqFTb9xNeN21zsxIWUYyIkN.webp',1,'2019-01-09 19:56:30','2019-01-09 19:56:30'),(11,'Kit Manicure Completo 19 Itens',5,200.00,4,5,'2019-01-09','2019-04-03','storage/public/WGMAzwNjj5WYETgD5UlO2jbiJhwe6pQG92mjV0Li.jpeg',1,'2019-01-09 19:58:59','2019-01-09 19:58:59'),(12,'Kit Lavatório Cabelo + 2 Cadeira Primma Dompel C/ Garantia',5,2000.00,2,5,'2019-01-09','2019-08-05','storage/public/vHAEjgGeaqetjFnSA43z9VKQb0nKrxFHFxuJZ1iu.webp',4,'2019-01-09 19:59:05','2019-01-09 19:59:05'),(13,'Maleta Maquiagem Completa Ruby Rose Kit Macrilan Pinceis Pó',6,368.00,1,5,'2019-01-09','2019-04-11','storage/public/OQx5wFBMrg8H7dPFCEmi7Q01oGSEOaT2KkFN4y1y.jpeg',2,'2019-01-09 20:01:16','2019-01-09 20:01:16'),(14,'Matizador Ruivo Acobreado Intenso (cobre) 250g Mairibel',5,100.00,3,5,'2019-02-09','2021-09-09','storage/public/Y0XgmKguOic2viRjhbAjg6zjP6aLtho8pb2ceVaJ.webp',4,'2019-01-09 20:01:29','2019-01-09 20:01:29'),(15,'Mega Explosão Brilho Completo Banho De Verniz Forever Liss',10,240.00,1,5,'2019-01-09','2019-12-29','storage/public/OqjKeXKdSgxjuEBX9FSdW3TkStn4YlDvlQzjs2cU.webp',4,'2019-01-09 20:02:47','2019-01-09 20:18:19'),(16,'Escova Progressiva Sem Formol Blindagem 3d Plancton 1litro',5,250.00,2,5,'2018-11-12','2020-10-03','storage/public/2eKqbfbZgIu6LJQPZuV3yDHJm2oztEOufECLuq3P.webp',4,'2019-01-09 20:03:21','2019-01-09 20:03:21'),(17,'kit Tratamento Capilar Capil horse crescimento cabelo top',10,190.00,4,4,'2019-01-09','2020-01-13','storage/public/zTUsop7yEeXnsSQdt3oy8kN1zV7mUpD9pGDVGFaR.jpeg',4,'2019-01-09 20:03:36','2019-01-09 20:03:36'),(18,'Mavala Kit Manicure (3 Produtos)',8,256.00,4,5,'2019-01-09','2019-05-06','storage/public/AOw5im8G9Nx6nteCF88tEcYku3xGrTiXlob29DnP.webp',1,'2019-01-09 20:04:00','2019-01-09 20:04:00'),(19,'Batom Matte Duo Ruby Rose Atacado 12 Unidades',8,183.00,2,5,'2019-01-09','2019-06-20','storage/public/OXkZMQcZwmB7ewQkFVPXRCxIdXcM9hq7hDz53MvI.jpeg',2,'2019-01-09 20:05:11','2019-01-09 20:05:11'),(20,'Progressiva Portier Exclusive Máscara Mealiza E Banho Verniz',11,219.90,3,4,'2019-01-09','2019-12-09','storage/public/v7Aq0Pas6BmvZ1bnTqMq74o4KGgPmvMq5QZMKrA1.webp',4,'2019-01-09 20:05:19','2019-01-09 20:05:19'),(22,'atumaxx Kit Oro Therapy 24k 4 Produtos (kit Completo)',10,290.00,4,4,'2019-01-09','2020-10-12','storage/public/wiOnMNYzoTDzE2FbZ2Jzvgw2M3WcnLfBwpCNToIj.jpeg',4,'2019-01-09 20:05:51','2019-01-09 20:05:51'),(23,'Loreal Profissional Serioxyl Fuller Hair - 3 Produtos',5,400.00,3,5,'2019-01-08','2021-04-11','storage/public/imPZ2ciroOy4iehB8tdwZL0bW12j9uI1TwhaJ1No.webp',4,'2019-01-09 20:06:21','2019-01-09 20:06:21'),(24,'Kit Manicure E Pedicure Profissional Em Inox',8,69.00,4,5,'2019-01-09','2019-05-09','storage/public/WnTf5iRed1d3PNS9usipIcQpQFqoZToHd7cfggdW.webp',1,'2019-01-09 20:06:40','2019-01-09 20:06:40'),(25,'Kit Unhas Gel Manicure Acrigel Porcelana Banho Barato Uv Po.',100,200.00,1,5,'2018-07-05','2040-07-05','storage/public/9tN6ZhV0SAvY2dH4NbZar83CWKtJ0rTZPFvdp8mK.webp',1,'2019-01-09 20:06:51','2019-01-09 20:06:51'),(26,'Kit Haskell Cronopower Cronograma Capilar Completo Haskell',10,180.00,4,4,'2019-01-09','2020-01-14','storage/public/lhhRB5DpaP7qkUXBhR3ME98pmte0Eoaq32vWwsM7.jpeg',4,'2019-01-09 20:07:36','2019-01-09 20:07:36'),(27,'Desmaia Cabelo Fashion Cosméticos 18 Produtos Atacado!!!',5,250.00,1,5,'2019-01-09','2020-08-10','storage/public/mBW8pzCohhpaMeJyHfqm0YFzCvLDd9UWF4Rj6KOS.webp',4,'2019-01-09 20:09:09','2019-01-09 20:09:09'),(28,'Kit Growthing Hair - Mister Hair 5 Produtos',5,260.00,1,5,'2019-01-09','2020-08-25','storage/public/45fgi0oj4ez136QqmnzR2YPovBgeSaQCFgL3i6kF.webp',4,'2019-01-09 20:10:26','2019-01-09 20:10:26'),(29,'Estufa Kit Manicure',5,233.00,4,5,'2019-01-09','2019-04-12','storage/public/9WygGjmV1WIqbsRgDsYZ7exlJgVpUq6hPgdiO5cv.webp',1,'2019-01-09 20:10:40','2019-01-09 20:10:40'),(30,'Algodão Prensado Japonês Orgânico 100% Natural 1000 Unidades',200,66.00,3,5,'2019-01-09','2023-01-09','storage/public/5nGhyXqZt7DYzQKz4vlqxgYspcmVmnaCCvMAcv47.webp',1,'2019-01-09 20:12:14','2019-01-09 20:12:14'),(31,'Aneethun Linha A Hidratação Profunda Kit 3 Produtos',5,250.00,3,4,'2019-01-09','2020-05-14','storage/public/idBDVIM9uKZIS8NjwCf4cLWd97BZr5lFouCZ6qnQ.webp',1,'2019-01-09 20:12:20','2019-01-09 20:12:20'),(32,'Cílios Postiços Volumosos Cheios Longos Blogueiras',50,35.00,3,5,'2019-01-09','2019-10-25','storage/public/DyZim5oxC0yyfZ0i2RixqSem5jOAgKsXjtvjGvJO.jpeg',2,'2019-01-09 20:12:27','2019-01-09 20:12:27'),(33,'Wella Professionals Oil Reflections - Óleo Capilar 30ml Blz',10,30.00,4,4,'2019-01-09','2020-01-14','storage/public/7tQNdbjtYBmz26AmxtD7AFpdkNrVIV0iqDT0Twpj.jpeg',4,'2019-01-09 20:12:50','2019-01-09 20:12:50'),(34,'Ng De France Repair Profissional Trio Kit (4 Produtos)',5,400.00,1,5,'2019-01-09','2020-11-22','storage/public/Tsb6KRFcptoKDmSFOLseeGErzCjL6kG5Z8WMgt4Q.webp',4,'2019-01-09 20:13:34','2019-01-09 20:13:34'),(35,'Lowell Kit Nova Bioplastia 3 Produtos - Lancamento !!',5,500.00,1,5,'2019-01-09','2019-12-19','storage/public/0OI3JdZDjXMeQSf1SJrfsFFTKOADgUOA8Cwro28G.webp',4,'2019-01-09 20:15:29','2019-01-09 20:15:29'),(36,'Base Huda Beauty Fauxfilter Foudation 35ml.140g Cashew',10,410.00,4,5,'2019-01-09','2019-11-08','storage/public/avMvYzcRMHyzZMgUwtuliXmqdHmVnkTQIohZ2UXM.jpeg',2,'2019-01-09 20:16:45','2019-01-09 20:16:45'),(37,'Kit Manicure Completo Com Maleta E Alicates Profissionais',6,1475.00,1,5,'2019-01-09','2019-05-22','storage/public/pzEp3gCAxZux9OP9bE4ylb37k86In3Jd26n68jhQ.webp',1,'2019-01-09 20:17:26','2019-01-09 20:17:26'),(38,'Máscara Intensiva Restauradora S.o.s 1kg - Midori',10,45.00,4,4,'2019-01-09','2020-01-15','storage/public/s2PplTjrd9VikSXKv9nHAMprmNyv8Izl85kU2xf1.jpeg',4,'2019-01-09 20:17:37','2019-01-09 20:17:37'),(39,'3000 Cartões Para Adesivo De Unha Artesanal',830,220.00,3,5,'2016-11-06','2169-06-23','storage/public/qNin0ymRhG2skaNQZXlkjHggVuXteu9g9YQKWEJe.webp',1,'2019-01-09 20:18:17','2019-01-09 20:18:17'),(40,'Carrinho Auxiliar Cabelereiro E Salão Beauty Care - Dompel',5,550.00,3,5,'2019-01-09','2020-01-29','storage/public/vKsr3sZw0MshsSqKHk32Vu8j4TUMVSkoHitlwtW6.webp',4,'2019-01-09 20:19:05','2019-01-09 20:19:05'),(41,'Paleta Sombras Rose Gold Remastered Desert Dusk Huda Beauty',15,89.00,4,5,'2019-01-09','2019-09-20','storage/public/5778iRc8JoKdRvxepCNJQHqUcl2sh8mCtYUisYB8.jpeg',2,'2019-01-09 20:19:22','2019-01-09 20:19:22'),(42,'Higienizador Esterilizador 3 Escovas Salão Beleza Shiva',5,450.00,1,5,'2019-01-09','2020-12-08','storage/public/sFIp7pi4z3CYo1iutOnDD7AO0enguLcuWioWxdBr.jpeg',4,'2019-01-09 20:20:29','2019-01-09 20:20:29'),(43,'Kit Manicure Mesa 60cm+expositor De Esmaltes C/barra De Aluminio',6,293.00,3,5,'2019-01-17','2019-05-14','storage/public/rutfLRobnO5zRuqzNZFCLvoiyH0WEPk7kgUM2Da6.jpeg',1,'2019-01-09 20:27:59','2019-01-09 20:27:59'),(44,'Lagrimas De Unicórnio Promoção Maquiagem',20,49.00,4,4,'2019-01-09','2050-01-18','storage/public/ZK7Ma2Nsgm4Q6Vbq1i54eQp4UdCxLwNwCsXZPjhs.jpeg',2,'2019-01-09 20:31:26','2019-01-09 20:31:26'),(45,'Maleta Kit Maquiagem Profissional Completa Ruby Rose',5,230.00,4,5,NULL,NULL,'storage/public/oigb5xNFJ3Clbv7fwu65PSNMHLzPLhqFzW769afl.webp',2,'2019-01-09 20:31:56','2019-01-09 20:31:56'),(46,'Kit Manicure/Pedicure Cruzeiro - Removedor + Acetona + Amolecedor + Creme Pés',10,148.00,4,5,'2019-01-09','2019-05-08','storage/public/LfPq6O0VbcmfTfAU3ZM59rYqtP3XBgxk5aLVFK6l.jpeg',1,'2019-01-09 20:32:20','2019-01-09 20:32:20'),(47,'Kit 20 Peças - Tapete Piso De Banheiro - Pé - Grosso',12,189.90,4,4,'2019-01-09','2019-12-31','storage/public/fajkXWLmlOgU00Gdhk4yZHbTZ9T6OQj88DZeKkjW.webp',3,'2019-01-09 20:32:34','2019-01-09 20:32:34'),(48,'Kit Banheiro Lavabo Conjunto Porta Sabonete Líquido Escova',10,105.00,4,3,'2019-01-09','2019-12-31','storage/public/eiDUiHoYoy2bgjgEuCnTInb0tdpB1vPVsudSqn2x.webp',3,'2019-01-09 20:36:53','2019-01-09 20:36:53'),(49,'Paleta De Iluminador 4 Cores Strobing Luisance',40,38.00,4,5,'2019-01-09','2050-01-09','storage/public/em2TNHt69jup1q99rj8JL5CHzTIHA25vsnmRAKxz.jpeg',2,'2019-01-09 20:39:31','2019-01-09 20:39:31'),(50,'Kit De Paletas Da Ruby Rose',40,74.00,4,5,'2018-06-17','2020-06-17','storage/public/5Dz7534811MJYnEH18pEI0VV9Tbn0SrSViMUT9z4.webp',1,'2019-01-09 21:00:19','2019-01-09 21:00:19'),(51,'Foto 1 - Kit Manicure e Pedicure Básico - Basicare Foto 2 - Kit Manicure e Pedicure Básico - Basicare Foto 3 - Kit Manicure e Pedicure Básico - Basicare Kit Manicure e Pedicure Básico - Basicare',8,104.00,4,5,'2019-01-09','2019-05-09','storage/public/G0j2YmAjg9pwfibjKCzKTgusRhWkHJm43wRN3j2X.jpeg',1,'2019-01-09 21:04:49','2019-01-09 21:04:49'),(52,'Kit Manicure Profissional: Cirandinha Carrinho Tripé Cadeira',3,669.00,4,5,'2019-01-09','2019-05-23','storage/public/lZqpnvfnLuLAj7BPwzB87sc8mDOwJAA9IHpcFdKk.jpeg',1,'2019-01-09 21:08:25','2019-01-09 21:08:25'),(53,'Kit 3 Frasqueiras Preta Manicures E Maquiadoras',5,163.00,4,5,'2019-01-09','2019-04-18','storage/public/Pvqjgu0V4BfyULB3ityzlEWfUKElQJATMSnorvkd.jpeg',1,'2019-01-09 21:14:10','2019-01-09 21:14:10'),(54,'Esmalte Anita Coleção Nova Escolha 24 Cores + Kit Manicure Santa Clara',3,261.00,4,5,'2019-01-09','2019-05-24','storage/public/ai1UVRPTVKvubvwFwaQ8KHcasQDnvudgaJfEMgU6.jpeg',1,'2019-01-09 21:18:41','2019-01-09 21:18:41'),(55,'Natura Essencial Deo Parfum Tradicional Masculino 100ml',20,190.00,1,5,'2016-11-14','2030-11-14','storage/public/iaZ5lqvWbHIpATmOjHPK3244z1Q7nOOvPBbIRuYd.webp',5,'2019-01-09 21:31:22','2019-01-09 21:31:22'),(56,'Perfume Kaiak Pulso + Perfume Homem Natura',14,250.00,2,5,'2018-06-04','2022-05-06','storage/public/K0Csz4xTcHZHlZSZnKLcZwOhqrE9mpkpWxSHXktT.webp',5,'2019-01-09 21:35:02','2019-01-09 21:35:02'),(57,'Natura Meu Primeiro Humor Desodorante Colônia Feminino 75ml',15,150.00,3,4,'2009-09-09','2018-09-09','storage/public/ozweIes9gTLb2nI6RmpFpp0lJdn7kSMteF0wipNU.webp',5,'2019-01-09 21:38:32','2019-01-09 21:38:32'),(58,'Luna Intenso 50 Ml +luna Floral 25 Ml',60,120.00,4,5,'2017-11-06','2019-02-06','storage/public/tDapVdFSNFi5TqZ2baV8MynfZMGRRptG9JSw6sxM.webp',5,'2019-01-09 21:43:52','2019-01-09 21:43:52'),(59,'Água De Colônia Jequiti Meu Bebê Fofinho, 100ml',100,39.90,4,5,'2019-01-10','2019-05-17','storage/public/7I3i2heizd5QgPVCoaAS0rzGzkuYDcZGC3QjUNwZ.jpeg',6,'2019-01-10 19:33:41','2019-01-10 19:33:41'),(60,'Kit Luxe Creations Extreme Repair Trio (3 Produtos)',3,180.00,3,5,'2019-01-10','2019-05-03','storage/public/MFvOobAFxk1yZFDBqiOBSsAK00LYiIuYmywRiGIe.png',4,'2019-01-10 19:35:25','2019-01-10 19:35:25'),(61,'Sabonete Em Barra Jequiti Meu Bebê Fofinho, 2x90g',20,14.90,4,5,'2019-01-10','2019-05-16','storage/public/3i6KyQdekEJYzqd08WlWbLdy0SiqZmlmUCzHpnS6.jpeg',6,'2019-01-10 19:36:06','2019-01-10 19:36:06'),(62,'Condicionar Jequiti Meu Bebê Fofinho, 200ml',60,21.90,4,5,'2019-01-10','2019-04-11','storage/public/Ho2wW7ncwv0o7Ql1hDxLc3dk2JdpyOYLFD7K3zaO.jpeg',6,'2019-01-10 19:37:48','2019-01-10 19:37:48'),(63,'Jacques Janine Professionnel Kit Pós-Coloração Duo (2 Produtos)',6,110.00,3,5,'2019-01-10','2020-05-23','storage/public/VCKXtIn2TNSE0cwqhZIjvRm4t2Gl0cAT8NacoMRh.png',4,'2019-01-10 19:39:23','2019-01-10 19:39:23'),(64,'Shampoo Jequiti Meu Bebê Fofinho, 200ml',60,20.90,1,5,'2019-01-10','2019-04-18','storage/public/yUNfnvg83ZPmItyhVd7bBiydFyPyokxHJABJIXzQ.jpeg',6,'2019-01-10 19:40:16','2019-01-10 19:40:16'),(65,'Kit Redken Color Extend Magnetics Vinegar (3 Produtos)',9,400.00,1,5,'2019-01-10','2021-01-12','storage/public/jUI9InnjFM7nET6NLZXpFtZYaJhJsOVRdpuEtukg.png',4,'2019-01-10 19:41:03','2019-01-10 19:41:03'),(66,'Shower Gel Cabelo e Corpo Larissa Manoela, 200ml',60,19.90,4,5,'2019-01-10','2019-05-24','storage/public/WrubNStVBL8qU60aNcn6cUCxgHIip6zWfN10yUd0.jpeg',6,'2019-01-10 19:42:09','2019-01-10 19:42:09'),(67,'Kit K.Pro Ritual de Caviar (3 Produtos)',4,100.00,1,5,'2019-01-10','2020-01-06','storage/public/tPlo0DMEPN210FxtPyTWjNiVb0HOQf33VHY3a4yS.png',4,'2019-01-10 19:42:10','2019-01-10 19:42:10'),(68,'Amend Shine Extreme Doadora de Brilho - Máscara Capilar 300g',6,80.00,1,5,'2019-01-10','2020-05-15','storage/public/FMvYPXPTvphfVT8kPs2A0DdDtApxtQYHatV8xgUt.png',4,'2019-01-10 19:43:53','2019-01-10 19:43:53'),(69,'Shampoo 2 em 1 Batman vs Superman 200ml',40,23.90,4,5,'2019-01-10','2019-05-17','storage/public/R0MXoGYllLtWdgzYE5wsaAopPvvx1HYdb7YY3uNH.jpeg',6,'2019-01-10 19:44:09','2019-01-10 19:44:09'),(70,'Amend Coco - Shampoo 250ml',7,60.00,1,5,'2019-01-10','2020-07-08','storage/public/rzmLAChMA7CnsQbIex7MSltfL2BVuDG8avDUNbDE.png',4,'2019-01-10 19:45:17','2019-01-10 19:45:17'),(71,'Condicionador Clube da Anitinha, 150ml',45,17.90,4,5,'2019-01-10','2019-04-12','storage/public/2Vz601JY15cY5Kq0nfpeSN5N9B9LziOmKUUftWpm.jpeg',6,'2019-01-10 19:46:15','2019-01-10 19:46:15'),(72,'Amend Complete Repair - Condicionador 250ml',4,80.00,1,5,'2019-01-10','2021-03-06','storage/public/tciaSGQYQigq1cIuVKKWKoUEEYs8sbBaEUwf1t65.png',4,'2019-01-10 19:46:31','2019-01-10 19:46:31'),(73,'Shampoo Clube da Anitinha, 150ml',45,16.90,4,5,'2019-01-10','2019-04-20','storage/public/9eo24nY0NmgZQoukw9SXPTX0HWJYWnaF6OrGSyrN.jpeg',6,'2019-01-10 19:47:26','2019-01-10 19:47:26'),(74,'Amend Luxe Creations Regenerative Care - Shampoo 300ml',5,100.00,1,4,'2019-01-10','2020-03-12','storage/public/2JMZPGHofiVKwVeBUNrZWEHFHJfVa0j7zypqmJ6D.png',4,'2019-01-10 19:47:45','2019-01-10 19:47:45'),(75,'Condicionador Hello Kitty, 100ml',65,15.90,1,5,'2019-01-10','2019-04-19','storage/public/3wvQiQj6EORYLFAdUwslLqCMD32YiWND3u5NrfX3.jpeg',6,'2019-01-10 19:50:45','2019-01-10 19:50:45'),(76,'Kit Serie Expert Blondifier Cool Salon Trio (3 Produtos)',4,680.00,1,5,'2019-01-10','2021-01-13','storage/public/0ZiZiqN0J4S5t1KvH3DFU6fKzKrjDriQzNrTlFHD.png',4,'2019-01-10 19:51:26','2019-01-10 19:51:26'),(77,'Shampoo Hello Kitty, 100ml',60,14.90,4,5,'2019-01-10','2019-04-19','storage/public/VIiHwsGB6JRKIPirEurZpRyHUXdMI32Gol3JexiI.jpeg',6,'2019-01-10 19:54:21','2019-01-10 19:54:21'),(78,'Paleta Pó Facial Profissional Ruby Rose 9 Cores Nude Hb-7208',30,55.00,4,5,'2019-01-10','2024-01-12','storage/public/w36HFaqMCpKKau8UZyd5XYCVVwrtZR6gIv9BPpnp.jpeg',2,'2019-01-10 19:55:27','2019-01-10 19:55:27'),(80,'Pó Compacto Facial Ruby Rose Com Espelho Maquiagens',70,40.00,4,5,'2019-01-10','2030-01-10','storage/public/K4VwnFwtMZiC52Xp3iGWx9Bq7AivPFNuY1ykfFxU.jpeg',2,'2019-01-10 19:57:34','2019-01-10 19:57:34'),(81,'Sabonete em Barra Hello Kitty, 2 unid.90g cada',52,14.90,4,5,'2019-01-10','2019-04-25','storage/public/b9rSqJFgRqm7ojnCtnJNFyLdZofEcixN05thXK9a.jpeg',6,'2019-01-10 19:57:35','2019-01-10 19:57:35'),(82,'Loção Hidratante Desodorante Maisa, 150ml',60,24.90,4,5,'2019-01-10','2019-04-23','storage/public/roHTeTKlhQIB9SNecNNCIK6z4QDEJ6p6lBEper38.jpeg',6,'2019-01-10 19:59:03','2019-01-10 19:59:03'),(83,'Kit 12 Rimel Mascara Colossal = Tango Atacado',35,160.00,4,5,'2019-01-10','2035-01-10','storage/public/It7hGnROMtzhKBbZ89IbdVo8bMbBPKLR2LXaTfAy.jpeg',2,'2019-01-10 20:00:26','2019-01-10 20:00:26'),(84,'Kit Maquiagem Completo Ruby Rose Base Rimel 4d Primer Batom',10,150.00,4,5,'2019-01-10','2031-01-23','storage/public/btKHQsYap8pNQ0y2QwWqLXpF0kdskJfntNwyWCt9.jpeg',2,'2019-01-10 20:02:15','2019-01-10 20:02:15'),(85,'Kit Olhos De Diva 4 Itens - Rímel Cílios Deline',20,80.00,4,5,'2019-01-10','2037-01-25','storage/public/2QGMvKm6hOtIKciIRjq0eIsYD5c4p67fq9sE3HRy.jpeg',2,'2019-01-10 20:04:55','2019-01-10 20:04:55'),(86,'Kit Delineador Gueixa + Rímel Máscara Cilio',30,75.00,4,4,'2019-01-10','2030-01-23','storage/public/ib8oGtnKVkEcGiwW1ObDdnLpwgtB1fXfOL2GSUz8.jpeg',2,'2019-01-10 20:06:59','2019-01-10 20:06:59'),(87,'Kit Maquiagem para Maletas Ruby Rose Belle Angel Rimel 4D - Bazarnaweb',13,110.00,4,5,'2019-01-10','2032-07-17','storage/public/NLP7xO8a8hgwmy6O9KAFX1tvsjh7gY5ew7tpLymJ.jpeg',2,'2019-01-10 20:09:08','2019-01-10 20:09:08'),(88,'Kit Maquiagem 18 Produtos Ruby Rose Consultar Cor - R$ 199,90 em Mercado Livre produto.mercadolivre.com.br',5,250.00,4,5,'2019-01-10','2038-01-23','storage/public/o7AIyxNU3sNoTjzoElphkK2SQdAwU1OHsUHrHI1e.jpeg',2,'2019-01-10 20:12:10','2019-01-10 20:12:10'),(89,'Kit De Maquiagens Completo Pincéis Necess',4,190.00,4,5,'2019-01-10','2024-01-30','storage/public/NHxWotIdHp9lVbrEaMXXHGuVbTtpmM6wkpcxjR5r.jpeg',2,'2019-01-10 20:14:41','2019-01-10 20:14:41'),(90,'Maleta de Maquiagem Completa',6,310.00,4,5,'2019-01-10','2027-01-18','storage/public/yBdPnaUGYL41ctTjcaldklW5U7AGQjwMBmHFdkgy.jpeg',2,'2019-01-10 20:33:28','2019-01-10 20:33:28'),(91,'Maleta De Maquiagem 3d Jasmyne 96 Completa Kit Profissional!',6,200.00,4,4,'2019-01-10','2041-01-21','storage/public/HQ2r2RFzwu1Q8GDqfv5I2VyNd4SXnGgk0NRmwdaZ.jpeg',2,'2019-01-10 20:38:08','2019-01-10 20:38:08'),(92,'Vários Tipos De Pincéis De Maquiagem Bele',30,98.00,4,5,'2019-01-10','2043-01-29','storage/public/Btcu02mydM04RqFaJDb2GXkSwOJ0gqzfTfmhXN2Z.jpeg',2,'2019-01-10 20:45:16','2019-01-10 20:45:16'),(93,'Kit Maquiagem Paleta Sombras Profissional 88 Cores Matte Cin',10,78.00,4,4,'2019-01-10','2042-01-30','storage/public/SDlMnZSUD2XqvkCpZiQfw10iGJZDtGEomEc8FLGE.jpeg',2,'2019-01-10 20:47:41','2019-01-10 20:47:41'),(94,'Esponja Maquiagem - Maquiagem no Mercado',50,55.00,4,4,'2019-01-10','2059-01-31','storage/public/nCqKoQcR6ZeInGCeGApHLTC44RFAWylRyUCG4xJh.jpeg',2,'2019-01-10 20:51:18','2019-01-10 20:51:18'),(95,'COLONIA AVON CARE BABY - 100ML',60,28.99,4,5,'2019-01-10','2019-04-20','storage/public/uxvYrRPqEiY68hwtYDo3Eo8WugqTjkSVkDdqtUnY.webp',6,'2019-01-10 21:03:27','2019-01-10 21:03:27'),(96,'BRILHO LABIAL MINIONS UNIVERSAL 4,5G',20,9.99,4,5,'2019-01-10','2019-04-19','storage/public/EChguvYjbNRH69Tn5v8dYYrytuoXsh4G5Res42uc.webp',6,'2019-01-10 21:10:42','2019-01-10 21:10:42');
/*!40000 ALTER TABLE `produtos` ENABLE KEYS */;
UNLOCK TABLES;

--
-- Table structure for table `sls`
--

DROP TABLE IF EXISTS `sls`;
/*!40101 SET @saved_cs_client     = @@character_set_client */;
/*!40101 SET character_set_client = utf8 */;
CREATE TABLE `sls` (
  `id` int(10) unsigned NOT NULL AUTO_INCREMENT,
  `nome` varchar(255) COLLATE utf8mb4_unicode_ci NOT NULL,
  `created_at` timestamp NULL DEFAULT NULL,
  `updated_at` timestamp NULL DEFAULT NULL,
  PRIMARY KEY (`id`)
) ENGINE=InnoDB AUTO_INCREMENT=3 DEFAULT CHARSET=utf8mb4 COLLATE=utf8mb4_unicode_ci;
/*!40101 SET character_set_client = @saved_cs_client */;

--
-- Dumping data for table `sls`
--

LOCK TABLES `sls` WRITE;
/*!40000 ALTER TABLE `sls` DISABLE KEYS */;
INSERT INTO `sls` VALUES (2,'KHALEESI','2019-01-10 21:48:19','2019-01-10 21:48:19');
/*!40000 ALTER TABLE `sls` ENABLE KEYS */;
UNLOCK TABLES;

--
-- Table structure for table `users`
--

DROP TABLE IF EXISTS `users`;
/*!40101 SET @saved_cs_client     = @@character_set_client */;
/*!40101 SET character_set_client = utf8 */;
CREATE TABLE `users` (
  `id` int(10) unsigned NOT NULL AUTO_INCREMENT,
  `name` varchar(255) COLLATE utf8mb4_unicode_ci NOT NULL,
  `email` varchar(255) COLLATE utf8mb4_unicode_ci NOT NULL,
  `password` varchar(255) COLLATE utf8mb4_unicode_ci NOT NULL,
  `remember_token` varchar(100) COLLATE utf8mb4_unicode_ci DEFAULT NULL,
  `created_at` timestamp NULL DEFAULT NULL,
  `updated_at` timestamp NULL DEFAULT NULL,
  PRIMARY KEY (`id`),
  UNIQUE KEY `users_email_unique` (`email`)
) ENGINE=InnoDB AUTO_INCREMENT=13 DEFAULT CHARSET=utf8mb4 COLLATE=utf8mb4_unicode_ci;
/*!40101 SET character_set_client = @saved_cs_client */;

--
-- Dumping data for table `users`
--

LOCK TABLES `users` WRITE;
/*!40000 ALTER TABLE `users` DISABLE KEYS */;
INSERT INTO `users` VALUES (1,'ivanilson','ivanilsonmediotec@gmail.com','$2y$10$Mq6swta88NYyj7FwxbC2Aemlr3Mg7aR385I1yxUrNxb9.EXshPfT2',NULL,'2019-01-09 19:33:08','2019-01-09 19:33:08'),(2,'Stefani Lima soares','stefanidr20@bol.com.br','$2y$10$8F2i7/D94DRN6L4RDHR.l.oSjATdBSnuNEhHqIwIWiUCKVd9K9kUy','Pzqgu4j5NCwlYLyUDrFN5ssy1MYjHNXsdWjzBInw6Z8T0BlK358093KH9S0G','2019-01-09 19:36:32','2019-01-09 19:36:32'),(3,'Davidson','dede@hotmail.com','$2y$10$Z/NtBuC2vM0OIg0VPb2hy.4E.x.3X/4jJdr3GOenI9bCBVlYbGQa6','znm0lojzHCIWdKqDPSd33p45DAsidrZZcjdFRxwwmgt53SfJpzcecFHbZeEq','2019-01-09 19:36:41','2019-01-09 19:36:41'),(4,'Luis Amaro Da Silva Junior','juniormediotec14@gmail.com','$2y$10$Gwy3jsRF0ty6DA2fyyeiUengu98AThlu8JlYB7ikIgJEWdIuET1ni','1Z5NUhIKUexg8rxzQ6UkVMQx8Kwxps9wOP3LtIJx7B9hvHrM8pMkYbV0NG1C','2019-01-09 19:36:43','2019-01-09 19:36:43'),(5,'wesley','wesleymartis3971@gmail.com','$2y$10$uPRu.EL4Q7/UjwsBkPxfPejFAsJzJkTM5sbtgCT81NfRbS3x9Co8e','VpCmyNn5N8WHTBNkeaiosFDDpW1kaiMzEHKrAGJvP7rbGsUu99aLmk9UKL0J','2019-01-09 19:45:35','2019-01-09 19:45:35'),(6,'anderson','andersondacostadeniz@gmail.com','$2y$10$FjjbJDx22nP59Ov.2u/B4.e9eYr2qOKgyJNkqWvWCDD2L3L9U16aG','hVr3nIz4HmvDXG1ex38PEa11yYE7vWKDW3RWaUGzEUfHW2tvlemClQzZD537','2019-01-09 19:52:16','2019-01-09 19:52:16'),(7,'Esdras','esdrasfragoso@gmail.com','$2y$10$PyYytIgJRlb4S/.ioSVbkOqMV29lRsvvIq/9s9e/tbh7M.axM74Vm',NULL,'2019-01-09 20:20:53','2019-01-09 20:20:53'),(8,'Aldino','Aldino@gmail.com','$2y$10$2o6ENXTDV0yLzvXNEgwDY.QNKgw1qcrQO0uv9YIZ5l.KU75OMFBJW',NULL,'2019-01-09 20:25:58','2019-01-09 20:25:58'),(9,'wesley','wesleymartins3971@gmail.com','$2y$10$nVmmIIp3l/awGdbwczcDiezj9te..vjtVCxANHmCR7QmOig/AIvQm',NULL,'2019-01-10 19:24:47','2019-01-10 19:24:47'),(10,'Adriana Barbosa','Adrianabarbosavieira2017@gmail.com','$2y$10$Kkvm80xmnpppJBUEfPRnB.ilsMCuMrjtyEUgccj587SZfkO6PgfVW',NULL,'2019-01-10 19:26:07','2019-01-10 19:26:07'),(11,'Stefani','stefani@gmail.com','$2y$10$OTpVdlxDOY09EGoNVOGHZ.M6esux7Q2jBKATOv4xADqDZemPKaItK',NULL,'2019-01-14 19:57:38','2019-01-14 19:57:38'),(12,'Davidson','dede.slender@hotmail.com','$2y$10$sArGKKHQTdJy3J7NDzBDQ.rvyeSmqQ8B97RnaXJAiMJca.sEoj0hW',NULL,'2019-01-14 20:10:39','2019-01-14 20:10:39');
/*!40000 ALTER TABLE `users` ENABLE KEYS */;
UNLOCK TABLES;
/*!40103 SET TIME_ZONE=@OLD_TIME_ZONE */;

/*!40101 SET SQL_MODE=@OLD_SQL_MODE */;
/*!40014 SET FOREIGN_KEY_CHECKS=@OLD_FOREIGN_KEY_CHECKS */;
/*!40014 SET UNIQUE_CHECKS=@OLD_UNIQUE_CHECKS */;
/*!40101 SET CHARACTER_SET_CLIENT=@OLD_CHARACTER_SET_CLIENT */;
/*!40101 SET CHARACTER_SET_RESULTS=@OLD_CHARACTER_SET_RESULTS */;
/*!40101 SET COLLATION_CONNECTION=@OLD_COLLATION_CONNECTION */;
/*!40111 SET SQL_NOTES=@OLD_SQL_NOTES */;

-- Dump completed on 2019-01-14 15:27:31
